Session_ID,Customer_ID,Session_Duration,Time_of_Session,Day_of_Week,Number_of_Logins,Products_Clicked,Total_Click_Price,Products_Added_to_Cart,Total_Added_to_Cart_Price,Purchased,Customer_Age,Customer_Gender,Geographic_Location,Number_of_Past_Purchases,Days_Since_Last_Purchase
1,202,684,2021-01-01 09:29:00,5,2,3,275.21,0,82.24,1,19,Female,Rural,11,355
2,448,227,2021-01-01 12:17:00,6,1,6,245.2,3,78.27,1,42,Male,Suburban,13,72
3,370,913,2021-01-01 21:48:00,5,3,9,162.28,0,231.04,0,66,Female,Urban,18,113
4,206,1262,2021-01-01 08:35:00,6,3,1,296.36,0,90.95,0,23,Male,Suburban,11,107
5,171,1496,2021-01-01 18:42:00,7,2,1,173.47,4,270.62,0,43,Male,Suburban,17,290
6,288,1454,2021-01-01 06:36:00,5,4,8,455.71,1,180.7,1,25,Female,Rural,16,313
7,120,285,2021-01-01 00:38:00,2,4,3,146.84,1,118.22,1,52,Male,Urban,2,117
8,202,1697,2021-01-01 21:34:00,6,4,5,447.96,2,253.15,0,44,Male,Urban,0,120
9,221,325,2021-01-01 14:46:00,6,4,1,301.73,4,158.15,1,42,Female,Suburban,18,147
10,314,1011,2021-01-01 13:16:00,4,4,5,422.82,4,275.26,1,35,Male,Suburban,3,327
11,430,736,2021-01-01 02:36:00,4,2,6,370.78,1,279.84,1,18,Male,Rural,15,210
12,187,344,2021-01-01 18:18:00,1,3,8,363.51,4,66.32,0,65,Male,Rural,11,296
13,472,1748,2021-01-01 14:43:00,5,3,3,195.96,1,20.65,1,56,Female,Rural,12,103
14,199,1435,2021-01-01 19:13:00,4,2,3,155.25,4,295.5,1,20,Female,Rural,16,124
15,459,224,2021-01-01 16:13:00,1,4,9,144.9,0,273.72,1,21,Female,Rural,7,245
16,251,1803,2021-01-01 18:27:00,7,2,4,435.74,1,35.52,1,58,Female,Rural,12,356
17,230,1617,2021-01-01 17:25:00,7,3,4,419.19,1,253.25,1,54,Female,Suburban,19,209
18,249,266,2021-01-01 14:08:00,4,1,7,248.26,3,148.19,1,68,Male,Rural,4,314
19,408,432,2021-01-01 23:25:00,5,2,2,109.58,4,92.51,1,32,Male,Suburban,17,109
20,357,308,2021-01-01 12:27:00,6,4,8,222.01,4,266.05,0,25,Female,Suburban,14,348
21,443,1369,2021-01-01 16:28:00,3,3,6,328.7,1,75.07,0,55,Male,Urban,11,50
22,393,310,2021-01-01 00:20:00,5,3,3,254.48,0,285.24,1,67,Male,Suburban,16,105
23,485,427,2021-01-01 05:02:00,2,3,9,401.09,0,77.57,0,36,Male,Suburban,14,27
24,291,310,2021-01-01 14:28:00,7,3,5,498.93,0,191.83,1,64,Male,Rural,1,288
25,376,1693,2021-01-01 01:23:00,4,4,8,136.01,4,82.46,1,43,Female,Suburban,5,257
26,260,233,2021-01-01 23:30:00,4,1,7,256.84,3,172.79,1,56,Female,Rural,16,273
27,413,822,2021-01-01 21:20:00,6,3,8,243.94,1,211.51,0,27,Male,Rural,15,137
28,121,1999,2021-01-01 09:29:00,2,2,7,187.02,2,73.26,1,55,Male,Rural,16,340
29,352,1592,2021-01-01 15:33:00,6,1,3,139.14,3,165.85,1,31,Female,Urban,19,301
30,335,947,2021-01-01 19:45:00,2,3,2,79.56,2,151.34,0,66,Male,Rural,8,322
31,444,794,2021-01-01 19:46:00,3,1,7,449.2,3,39.89,0,58,Male,Suburban,4,32
32,148,1777,2021-01-01 16:48:00,7,2,3,238.93,0,249.13,1,36,Male,Rural,0,45
33,158,624,2021-01-01 13:12:00,4,3,3,273.6,4,113.99,0,47,Female,Rural,5,265
34,269,812,2021-01-01 13:11:00,4,2,2,462.62,2,180.88,0,22,Female,Rural,13,30
35,287,1741,2021-01-01 21:34:00,3,4,4,399.33,3,164.14,1,48,Male,Urban,16,84
36,370,891,2021-01-01 08:11:00,1,3,8,108.73,4,163.71,1,24,Male,Suburban,18,166
37,289,1505,2021-01-01 03:27:00,7,3,1,304.44,2,50.02,1,36,Male,Urban,0,316
38,274,1543,2021-01-01 18:03:00,6,3,1,249.01,1,138.57,0,48,Male,Suburban,0,1
39,150,1961,2021-01-01 07:09:00,3,3,5,408.74,3,146.66,0,69,Male,Urban,12,249
40,463,1666,2021-01-01 16:24:00,6,4,5,375.9,1,225.42,0,56,Male,Suburban,13,261
41,154,514,2021-01-01 22:12:00,5,3,1,360.68,0,255.21,1,41,Female,Urban,5,63
42,343,1076,2021-01-01 08:39:00,4,1,6,203.25,1,172.6,0,51,Female,Rural,5,164
43,419,1964,2021-01-01 09:50:00,6,3,1,412.23,1,44.3,0,40,Male,Urban,0,321
44,230,1600,2021-01-01 17:30:00,2,4,5,73.58,3,86.32,1,65,Female,Urban,13,334
45,406,1512,2021-01-01 03:18:00,6,3,9,121.83,0,66.18,1,62,Male,Rural,2,201
46,234,1660,2021-01-01 06:26:00,5,1,5,201.03,1,54.89,1,57,Male,Rural,9,222
47,120,861,2021-01-01 05:48:00,7,4,6,84.56,4,122.45,0,23,Female,Suburban,18,152
48,428,476,2021-01-01 15:59:00,4,4,8,155.75,2,84.23,1,55,Female,Suburban,18,132
49,266,1933,2021-01-01 11:32:00,3,1,1,423.57,1,81.12,0,58,Male,Suburban,18,114
50,373,1805,2021-01-01 06:17:00,5,1,2,476.71,0,35.31,0,53,Male,Urban,3,217
51,487,1726,2021-01-01 14:58:00,4,1,9,187.07,1,24.95,1,44,Female,Suburban,19,196
52,188,823,2021-01-01 15:15:00,6,1,3,169.03,2,48.78,1,28,Female,Urban,18,281
53,415,715,2021-01-01 08:46:00,7,1,6,175.95,0,68.22,1,22,Male,Urban,9,202
54,113,1573,2021-01-01 19:36:00,1,4,5,174.97,3,140.68,1,34,Male,Suburban,1,135
55,341,1042,2021-01-01 12:13:00,7,4,2,66.17,0,162.95,1,69,Male,Suburban,3,234
56,364,1669,2021-01-01 03:25:00,1,3,7,467.11,3,59.37,0,24,Female,Urban,5,141
57,445,549,2021-01-01 07:34:00,2,3,4,146.16,0,138.94,0,44,Male,Rural,6,196
58,152,1830,2021-01-01 21:36:00,7,2,1,239.0,2,115.69,0,64,Female,Rural,15,43
59,485,1887,2021-01-01 20:59:00,4,3,4,54.36,2,71.36,1,32,Male,Urban,6,57
60,439,1022,2021-01-01 08:40:00,1,3,6,436.08,0,21.92,0,63,Female,Suburban,17,142
61,191,1360,2021-01-01 16:56:00,3,1,7,379.02,1,150.77,1,30,Female,Urban,19,210
62,466,958,2021-01-01 15:55:00,4,1,7,476.04,2,211.98,1,28,Female,Urban,18,72
63,363,1098,2021-01-01 12:05:00,3,3,7,401.73,3,83.36,0,62,Female,Suburban,8,224
64,134,442,2021-01-01 16:53:00,7,2,3,191.17,3,56.91,0,43,Male,Rural,19,27
65,305,742,2021-01-01 08:20:00,3,1,6,161.54,4,268.37,1,39,Female,Urban,9,128
66,180,1263,2021-01-01 01:56:00,1,3,8,363.97,3,97.01,0,45,Female,Rural,12,106
67,149,428,2021-01-01 06:25:00,4,3,4,213.85,4,82.61,1,41,Female,Rural,17,165
68,459,747,2021-01-01 22:47:00,6,4,8,304.8,0,259.99,0,46,Male,Suburban,15,215
69,487,1119,2021-01-01 09:43:00,5,2,2,52.82,0,248.79,0,26,Male,Urban,16,71
70,101,1446,2021-01-01 06:34:00,1,4,9,77.85,0,145.54,0,59,Male,Urban,12,204
71,489,205,2021-01-01 18:07:00,1,2,9,290.92,1,156.99,0,21,Male,Rural,11,153
72,153,1545,2021-01-01 12:00:00,6,1,8,304.73,1,80.97,0,66,Male,Rural,9,67
73,205,667,2021-01-01 01:11:00,4,2,1,388.15,4,41.92,1,63,Male,Suburban,0,90
74,359,1955,2021-01-01 04:33:00,4,3,2,109.38,3,180.56,0,35,Female,Rural,7,260
75,409,274,2021-01-01 22:23:00,7,3,6,280.93,3,47.54,0,60,Female,Suburban,17,362
76,290,203,2021-01-01 05:37:00,3,2,5,137.5,0,145.8,0,33,Female,Urban,1,228
77,317,845,2021-01-01 23:09:00,7,2,9,91.94,2,283.34,1,50,Male,Suburban,15,79
78,143,317,2021-01-01 10:06:00,6,2,5,234.72,1,286.79,1,46,Female,Rural,11,96
79,261,1080,2021-01-01 02:45:00,7,4,2,123.5,1,87.01,1,56,Female,Urban,8,349
80,301,1829,2021-01-01 00:10:00,6,2,4,149.8,0,194.75,1,27,Male,Suburban,2,330
81,369,703,2021-01-01 22:04:00,4,1,9,192.9,1,152.74,1,26,Female,Urban,3,246
82,450,1146,2021-01-01 12:08:00,3,4,1,166.72,0,265.19,0,48,Male,Suburban,1,272
83,403,773,2021-01-01 13:20:00,7,4,1,89.42,4,96.0,0,45,Female,Rural,7,157
84,370,1664,2021-01-01 01:41:00,1,2,7,90.46,3,21.04,0,20,Male,Rural,9,116
85,314,393,2021-01-01 23:35:00,2,1,3,136.96,2,65.52,1,31,Male,Urban,15,18
86,351,1046,2021-01-01 12:58:00,5,4,2,72.75,3,117.87,1,42,Male,Urban,10,172
87,289,914,2021-01-01 03:33:00,1,3,9,331.91,3,108.4,0,32,Female,Urban,17,16
88,395,1615,2021-01-01 18:31:00,4,4,3,179.3,4,241.58,1,19,Female,Suburban,13,240
89,312,1249,2021-01-01 06:40:00,5,2,2,175.89,1,210.56,1,41,Male,Rural,7,56
90,307,1658,2021-01-01 09:47:00,2,1,8,199.4,2,103.88,1,31,Male,Urban,14,79
91,336,372,2021-01-01 14:48:00,2,2,6,348.26,1,148.17,0,65,Female,Urban,16,103
92,437,1523,2021-01-01 17:49:00,3,3,6,441.79,3,46.76,0,24,Female,Urban,17,284
93,466,1868,2021-01-01 09:51:00,5,3,7,391.59,0,271.48,1,53,Male,Suburban,5,193
94,152,525,2021-01-01 22:13:00,3,3,7,377.39,3,281.92,1,67,Female,Urban,13,5
95,379,1633,2021-01-01 18:29:00,1,2,6,267.98,1,294.34,1,41,Female,Urban,2,106
96,316,1341,2021-01-01 01:31:00,6,4,4,362.21,3,263.19,1,44,Female,Suburban,6,278
97,351,1035,2021-01-01 11:12:00,6,2,9,298.74,0,68.71,0,54,Male,Suburban,14,100
98,287,923,2021-01-01 11:53:00,6,1,6,147.31,4,32.94,1,55,Male,Urban,15,238
99,479,424,2021-01-01 15:35:00,5,4,4,143.86,1,182.29,0,47,Female,Urban,15,269
100,140,731,2021-01-01 04:01:00,6,3,3,183.38,3,275.53,0,44,Male,Suburban,7,321
101,256,312,2021-01-01 00:01:00,1,2,4,459.86,1,69.66,0,56,Female,Rural,6,86
102,114,339,2021-01-01 03:44:00,3,3,3,296.34,4,21.97,1,32,Female,Suburban,5,320
103,400,758,2021-01-01 13:20:00,5,3,2,380.26,3,245.54,0,43,Male,Rural,1,32
104,164,200,2021-01-01 09:48:00,3,1,5,205.95,3,41.5,0,18,Male,Urban,12,336
105,444,289,2021-01-01 01:55:00,5,4,2,233.47,1,135.84,1,21,Male,Urban,11,51
106,426,853,2021-01-01 15:17:00,3,1,6,106.5,1,210.09,1,46,Female,Rural,14,79
107,108,519,2021-01-01 18:46:00,2,1,3,127.08,0,86.3,1,18,Female,Suburban,8,186
108,443,1773,2021-01-01 03:13:00,3,1,6,422.31,4,43.51,0,60,Male,Urban,1,174
109,228,338,2021-01-01 19:49:00,6,3,9,313.18,0,235.61,1,67,Male,Rural,16,106
110,235,1734,2021-01-01 14:30:00,2,1,1,201.89,3,196.45,0,63,Male,Suburban,4,63
111,162,1044,2021-01-01 01:29:00,3,1,6,411.28,1,296.78,0,39,Female,Rural,10,76
112,238,458,2021-01-01 02:01:00,5,4,9,160.93,3,116.41,1,28,Female,Suburban,18,316
113,180,1896,2021-01-01 02:22:00,5,4,4,489.21,3,37.29,0,27,Female,Suburban,6,321
114,491,1101,2021-01-01 16:33:00,5,1,2,205.17,2,225.62,0,34,Male,Suburban,1,81
115,262,889,2021-01-01 01:45:00,4,4,4,201.79,2,166.09,0,53,Male,Suburban,15,361
116,388,209,2021-01-01 14:46:00,1,4,1,190.36,3,79.7,0,64,Female,Rural,11,128
117,478,460,2021-01-01 07:07:00,5,1,3,104.95,1,238.88,1,43,Male,Rural,14,183
118,360,1873,2021-01-01 22:08:00,2,3,9,100.01,3,77.05,0,65,Male,Rural,0,243
119,330,371,2021-01-01 05:16:00,5,1,5,341.65,2,92.99,1,38,Male,Rural,12,185
120,140,1097,2021-01-01 10:34:00,4,4,6,443.8,1,45.91,0,30,Male,Rural,5,220
121,127,212,2021-01-01 00:08:00,6,3,3,405.73,3,131.84,0,26,Female,Suburban,12,71
122,234,1391,2021-01-01 12:53:00,2,2,5,113.5,4,137.3,1,28,Male,Urban,17,342
123,300,1865,2021-01-01 18:16:00,4,3,8,295.51,4,164.08,0,28,Female,Urban,2,154
124,427,1819,2021-01-01 23:02:00,6,4,6,97.52,3,218.51,0,23,Female,Rural,0,245
125,367,520,2021-01-01 03:42:00,7,3,4,70.38,1,273.71,0,18,Male,Rural,14,140
126,132,1542,2021-01-01 23:59:00,7,1,2,345.37,3,58.57,0,23,Female,Urban,12,71
127,147,1836,2021-01-01 09:12:00,2,2,9,290.82,3,35.22,0,30,Female,Suburban,4,46
128,161,528,2021-01-01 23:13:00,3,2,1,86.91,2,25.19,0,39,Male,Rural,12,47
129,315,984,2021-01-01 11:55:00,1,2,1,65.72,4,60.21,1,48,Female,Suburban,4,79
130,392,976,2021-01-01 21:27:00,1,4,4,495.39,2,204.23,1,39,Female,Urban,18,149
131,198,1110,2021-01-01 22:21:00,4,4,7,63.51,2,223.69,1,54,Female,Urban,17,130
132,271,1773,2021-01-01 18:27:00,6,2,1,250.04,3,240.22,0,64,Female,Rural,9,127
133,459,1642,2021-01-01 22:21:00,1,3,9,277.08,2,88.24,0,44,Female,Suburban,7,119
134,313,1829,2021-01-01 01:50:00,6,2,4,102.78,4,105.65,0,67,Female,Rural,14,357
135,134,1318,2021-01-01 04:10:00,6,3,3,126.08,2,155.28,1,69,Female,Urban,19,262
136,326,1804,2021-01-01 06:22:00,4,3,1,208.31,4,37.69,0,31,Female,Suburban,3,244
137,200,517,2021-01-01 00:06:00,4,4,4,392.75,2,191.12,1,64,Male,Rural,1,103
138,230,435,2021-01-01 07:38:00,4,3,9,278.19,4,295.45,0,22,Male,Rural,5,37
139,356,533,2021-01-01 18:27:00,1,2,6,337.06,2,121.03,0,53,Male,Rural,2,142
140,104,575,2021-01-01 03:27:00,7,4,6,493.33,2,230.8,0,49,Female,Urban,6,37
141,317,1682,2021-01-01 14:59:00,4,1,1,395.6,1,160.01,1,51,Female,Rural,9,8
142,354,1360,2021-01-01 23:33:00,1,1,2,245.46,4,55.79,0,24,Female,Suburban,5,231
143,497,787,2021-01-01 22:17:00,4,4,6,250.9,4,183.03,1,59,Male,Rural,15,333
144,458,1770,2021-01-01 00:21:00,5,2,2,328.45,4,103.96,0,65,Male,Urban,1,296
145,382,712,2021-01-01 06:49:00,6,1,3,349.41,0,29.63,0,27,Male,Rural,16,107
146,492,1519,2021-01-01 14:54:00,4,1,4,275.32,2,197.78,1,67,Female,Urban,12,348
147,306,1543,2021-01-01 08:34:00,2,3,5,340.19,4,260.5,0,34,Male,Urban,0,18
148,114,1117,2021-01-01 19:10:00,6,3,9,60.59,0,116.54,0,47,Male,Suburban,5,313
149,445,1795,2021-01-01 13:28:00,6,2,4,243.33,1,129.28,0,38,Female,Suburban,4,83
150,141,1572,2021-01-01 14:33:00,4,4,9,175.52,4,269.49,0,30,Male,Rural,12,288
151,479,1072,2021-01-01 00:13:00,7,2,3,108.13,4,247.81,1,18,Female,Urban,17,194
152,278,1452,2021-01-01 16:10:00,3,4,8,94.8,0,220.19,1,18,Male,Urban,11,215
153,162,469,2021-01-01 16:17:00,7,1,1,321.44,2,89.66,0,64,Female,Suburban,6,281
154,451,997,2021-01-01 16:53:00,4,3,9,285.62,1,274.86,0,50,Female,Suburban,14,220
155,330,1514,2021-01-01 17:15:00,6,2,9,164.11,4,63.24,1,55,Female,Rural,2,289
156,340,924,2021-01-01 01:26:00,2,2,2,261.93,2,195.5,0,42,Female,Urban,15,344
157,151,1388,2021-01-01 15:08:00,6,4,4,271.5,1,28.06,1,43,Female,Suburban,0,194
158,195,204,2021-01-01 22:04:00,7,4,8,137.75,3,200.24,0,30,Male,Rural,15,158
159,487,1050,2021-01-01 21:06:00,2,2,7,343.44,3,97.6,1,45,Female,Urban,11,104
160,321,1602,2021-01-01 02:01:00,1,4,1,401.41,1,145.91,1,50,Female,Urban,18,34
161,330,277,2021-01-01 19:30:00,5,2,5,406.16,0,116.67,1,54,Female,Suburban,7,102
162,336,1633,2021-01-01 12:29:00,6,2,7,321.11,1,68.37,1,58,Female,Rural,11,127
163,242,773,2021-01-01 22:59:00,4,2,4,280.24,1,194.15,0,47,Male,Suburban,14,214
164,270,331,2021-01-01 11:24:00,1,1,1,77.45,0,266.95,0,66,Female,Rural,1,325
165,128,800,2021-01-01 05:08:00,5,4,9,179.52,0,288.54,1,65,Male,Urban,16,296
166,135,1972,2021-01-01 11:34:00,4,3,5,91.97,2,73.86,1,25,Female,Rural,6,179
167,112,1265,2021-01-01 04:47:00,3,3,2,483.72,2,220.86,1,66,Female,Rural,12,80
168,259,288,2021-01-01 05:06:00,4,4,8,110.79,0,206.02,1,64,Male,Rural,0,141
169,426,601,2021-01-01 15:13:00,2,2,2,118.3,3,116.15,0,18,Male,Rural,5,31
170,286,495,2021-01-01 11:01:00,2,3,3,450.31,3,25.35,1,29,Male,Rural,12,63
171,342,1518,2021-01-01 09:08:00,3,3,1,474.77,1,213.14,1,22,Female,Suburban,10,48
172,185,815,2021-01-01 22:55:00,1,4,2,394.62,4,284.74,1,41,Male,Rural,9,87
173,383,1749,2021-01-01 05:11:00,5,3,7,52.43,1,196.99,1,23,Female,Rural,15,304
174,165,999,2021-01-01 14:32:00,4,2,2,50.61,1,141.88,1,42,Male,Urban,19,61
175,269,1914,2021-01-01 18:02:00,2,4,6,220.15,4,167.04,1,18,Male,Rural,16,334
176,144,1860,2021-01-01 15:23:00,1,2,3,114.53,0,75.9,1,42,Female,Urban,16,274
177,161,621,2021-01-01 12:34:00,3,3,4,58.27,3,230.15,0,18,Male,Suburban,3,284
178,233,1246,2021-01-01 00:34:00,7,3,8,258.83,1,229.0,1,49,Male,Suburban,4,80
179,383,774,2021-01-01 07:24:00,6,2,3,474.38,4,60.74,1,59,Female,Rural,13,180
180,127,342,2021-01-01 01:32:00,7,1,6,195.72,2,265.83,1,59,Female,Suburban,19,272
181,207,1192,2021-01-01 20:30:00,7,3,1,347.51,1,95.37,0,20,Female,Rural,9,77
182,143,864,2021-01-01 05:52:00,2,1,7,343.51,3,295.03,0,66,Male,Suburban,13,221
183,439,344,2021-01-01 15:02:00,3,3,8,162.99,0,127.21,0,36,Male,Rural,0,282
184,385,1448,2021-01-01 22:35:00,4,1,8,342.69,1,69.81,1,60,Male,Rural,10,28
185,430,1206,2021-01-01 14:21:00,7,1,3,145.55,1,118.48,1,46,Male,Urban,17,361
186,227,702,2021-01-01 02:38:00,7,1,1,104.9,4,143.25,1,67,Male,Urban,15,77
187,447,1020,2021-01-01 15:56:00,5,2,9,365.62,2,39.41,0,19,Female,Urban,17,164
188,330,1839,2021-01-01 00:23:00,2,1,6,101.05,2,181.9,1,26,Male,Urban,7,9
189,289,303,2021-01-01 06:43:00,2,1,9,498.61,0,187.34,0,34,Female,Rural,9,175
190,324,1262,2021-01-01 13:24:00,4,1,7,132.55,3,226.9,0,63,Male,Suburban,9,307
191,484,397,2021-01-01 08:35:00,6,3,1,317.36,0,28.17,0,53,Female,Rural,4,76
192,476,1869,2021-01-01 12:11:00,1,1,1,235.12,1,171.55,0,34,Male,Urban,9,245
193,382,778,2021-01-01 23:07:00,5,3,6,106.87,1,34.81,0,66,Male,Urban,17,122
194,220,590,2021-01-01 23:25:00,2,1,5,62.53,2,216.32,1,29,Female,Suburban,5,185
195,215,1402,2021-01-01 08:51:00,5,1,9,330.23,3,35.6,1,37,Male,Urban,2,32
196,332,753,2021-01-01 15:55:00,2,2,2,413.04,4,275.28,0,67,Female,Rural,7,250
197,358,1671,2021-01-01 02:31:00,5,3,8,428.91,3,216.58,1,20,Male,Rural,8,57
198,458,1723,2021-01-01 15:46:00,3,1,5,267.22,1,162.07,1,60,Male,Rural,4,310
199,297,1238,2021-01-01 10:07:00,7,3,2,399.85,4,143.62,0,67,Female,Rural,1,144
200,236,1846,2021-01-01 06:59:00,2,3,6,352.78,3,56.59,0,21,Male,Rural,1,318
201,417,1892,2021-01-01 21:13:00,5,4,8,375.91,3,101.48,1,34,Female,Suburban,6,84
202,264,1512,2021-01-01 19:00:00,1,2,4,271.67,4,263.31,1,67,Male,Rural,16,56
203,324,677,2021-01-01 14:25:00,3,2,2,335.04,1,273.25,1,54,Male,Urban,9,279
204,406,1454,2021-01-01 09:37:00,3,2,5,412.49,3,20.21,1,63,Male,Urban,11,273
205,333,1122,2021-01-01 05:34:00,1,4,2,229.05,4,186.36,0,59,Male,Urban,1,166
206,271,619,2021-01-01 15:31:00,5,4,2,412.69,1,221.4,1,32,Male,Urban,9,158
207,251,356,2021-01-01 04:54:00,4,2,6,316.41,4,193.25,0,50,Male,Suburban,19,249
208,414,749,2021-01-01 12:34:00,1,4,9,124.66,4,42.87,0,33,Male,Urban,0,186
209,473,1664,2021-01-01 23:14:00,5,4,4,61.11,3,80.96,1,28,Female,Suburban,3,78
210,259,1320,2021-01-01 03:05:00,1,4,6,213.24,1,90.1,1,37,Male,Urban,12,22
211,195,1220,2021-01-01 21:09:00,1,2,7,296.01,3,252.88,1,55,Male,Suburban,11,108
212,332,1196,2021-01-01 10:36:00,2,2,6,427.92,0,149.7,0,41,Male,Suburban,10,273
213,279,1634,2021-01-01 21:31:00,5,2,8,107.37,0,156.31,0,33,Female,Suburban,9,252
214,212,1150,2021-01-01 21:00:00,4,4,4,410.09,1,281.77,0,47,Female,Urban,14,15
215,417,488,2021-01-01 08:49:00,7,2,1,438.35,4,198.38,0,51,Male,Suburban,4,304
216,151,1477,2021-01-01 00:20:00,2,4,7,117.81,3,271.63,1,18,Male,Rural,16,160
217,367,395,2021-01-01 15:10:00,1,1,3,433.22,3,147.82,0,41,Male,Rural,4,205
218,394,797,2021-01-01 14:26:00,7,4,6,496.15,1,61.84,0,41,Female,Urban,1,113
219,485,1745,2021-01-01 13:13:00,6,3,2,377.08,1,280.38,1,26,Male,Rural,8,168
220,486,716,2021-01-01 01:39:00,7,2,9,403.15,0,148.44,0,39,Female,Rural,5,353
221,212,1858,2021-01-01 12:31:00,1,2,1,497.49,2,70.86,0,29,Male,Rural,17,253
222,200,1064,2021-01-01 07:57:00,1,3,6,322.47,1,104.67,1,34,Female,Urban,13,186
223,212,1341,2021-01-01 22:01:00,5,4,6,188.55,2,34.22,0,42,Female,Urban,18,347
224,180,1005,2021-01-01 15:39:00,5,1,5,426.89,1,151.12,0,45,Male,Rural,13,227
225,286,1382,2021-01-01 08:45:00,2,3,5,326.52,4,258.88,0,32,Male,Urban,7,16
226,212,1014,2021-01-01 05:33:00,4,3,1,311.54,4,281.4,0,47,Male,Suburban,16,156
227,101,427,2021-01-01 00:01:00,2,4,5,164.14,0,281.13,1,68,Male,Rural,2,354
228,229,415,2021-01-01 06:14:00,3,2,2,390.35,0,55.06,0,44,Male,Urban,9,111
229,319,1147,2021-01-01 04:52:00,1,4,7,86.75,2,126.98,1,39,Male,Urban,16,1
230,153,1919,2021-01-01 13:56:00,7,3,3,465.93,1,27.9,0,27,Male,Rural,10,41
231,442,214,2021-01-01 16:44:00,6,3,4,196.62,3,259.45,1,48,Female,Urban,7,48
232,323,1380,2021-01-01 09:12:00,1,2,3,107.5,0,120.45,1,44,Male,Rural,0,108
233,324,1871,2021-01-01 05:17:00,1,2,3,249.06,3,196.71,1,29,Male,Urban,12,161
234,484,1484,2021-01-01 06:20:00,2,2,4,69.11,3,220.17,0,63,Female,Suburban,3,161
235,225,1380,2021-01-01 00:13:00,6,4,5,358.08,1,140.36,0,48,Male,Rural,6,359
236,229,246,2021-01-01 08:23:00,6,2,1,456.22,2,105.8,0,49,Male,Suburban,13,128
237,152,523,2021-01-01 03:50:00,6,3,4,426.77,1,289.42,1,49,Male,Rural,4,210
238,271,1043,2021-01-01 18:27:00,2,3,8,107.32,0,290.06,0,58,Male,Urban,10,151
239,317,1908,2021-01-01 02:09:00,1,1,7,106.82,3,101.04,0,62,Female,Suburban,16,255
240,259,329,2021-01-01 13:57:00,2,4,9,416.05,1,154.3,0,52,Female,Urban,4,218
241,297,1634,2021-01-01 19:28:00,5,1,5,465.91,1,292.4,0,63,Male,Rural,19,30
242,346,294,2021-01-01 14:50:00,5,3,4,257.3,1,21.36,1,38,Male,Rural,2,45
243,423,826,2021-01-01 00:27:00,2,1,8,274.54,0,135.55,1,27,Female,Rural,4,80
244,302,954,2021-01-01 01:05:00,6,3,9,193.22,2,48.13,0,33,Male,Rural,14,39
245,283,1515,2021-01-01 19:46:00,1,1,7,452.42,1,162.56,0,24,Female,Rural,18,240
246,222,993,2021-01-01 20:52:00,2,2,7,340.21,0,26.91,0,21,Female,Suburban,15,45
247,354,1506,2021-01-01 04:20:00,2,1,5,179.71,3,133.93,1,44,Female,Rural,7,78
248,393,268,2021-01-01 07:39:00,2,2,4,184.45,4,81.8,0,69,Male,Urban,12,337
249,379,1883,2021-01-01 05:00:00,3,2,1,451.04,0,169.33,1,42,Male,Suburban,15,349
250,424,210,2021-01-01 15:18:00,5,4,7,56.14,4,298.88,1,48,Male,Urban,2,288
251,471,1477,2021-01-01 22:06:00,7,2,1,195.23,1,244.15,0,28,Female,Rural,0,280
252,197,1071,2021-01-01 04:46:00,6,2,1,299.46,1,256.78,0,65,Male,Urban,8,116
253,297,749,2021-01-01 23:38:00,4,1,5,116.7,0,197.87,0,37,Male,Suburban,8,269
254,494,1357,2021-01-01 17:13:00,7,3,9,91.44,4,31.64,1,53,Female,Suburban,16,335
255,339,911,2021-01-01 10:29:00,6,4,6,416.87,1,77.9,1,34,Male,Suburban,1,312
256,243,222,2021-01-01 04:29:00,4,2,3,452.48,3,279.02,0,62,Male,Urban,8,53
257,196,1014,2021-01-01 09:51:00,3,4,3,420.62,2,122.51,1,28,Male,Suburban,18,68
258,300,545,2021-01-01 14:03:00,2,1,7,454.45,2,49.02,0,47,Female,Urban,12,182
259,223,501,2021-01-01 14:21:00,3,2,6,298.9,1,216.67,0,52,Male,Rural,4,34
260,286,562,2021-01-01 23:04:00,3,1,9,415.52,4,103.85,1,58,Female,Rural,8,284
261,425,595,2021-01-01 21:20:00,7,4,6,222.82,1,95.28,1,55,Female,Urban,12,306
262,448,417,2021-01-01 02:12:00,1,1,5,349.82,4,299.43,1,39,Female,Suburban,0,249
263,358,340,2021-01-01 21:39:00,7,4,7,494.98,3,260.28,1,60,Male,Urban,14,111
264,247,1839,2021-01-01 16:11:00,5,1,1,151.58,4,134.22,0,65,Male,Urban,3,94
265,351,1157,2021-01-01 08:32:00,4,4,7,225.45,1,294.47,0,68,Male,Urban,3,179
266,445,1433,2021-01-01 05:12:00,2,3,3,266.02,3,202.03,0,44,Female,Rural,19,47
267,246,1184,2021-01-01 09:35:00,7,1,9,112.11,0,227.77,1,54,Female,Urban,9,282
268,247,1192,2021-01-01 14:45:00,4,1,6,86.47,2,28.82,0,63,Male,Rural,5,340
269,451,1846,2021-01-01 21:47:00,6,3,9,423.38,1,54.05,1,66,Female,Urban,11,362
270,298,1839,2021-01-01 19:04:00,4,3,5,489.56,1,197.26,1,52,Male,Rural,19,92
271,407,1027,2021-01-01 18:50:00,6,1,7,232.13,1,271.73,1,21,Male,Urban,15,212
272,227,882,2021-01-01 11:26:00,7,3,4,89.44,3,194.65,0,33,Male,Urban,2,75
273,138,1683,2021-01-01 20:27:00,5,2,7,79.62,0,57.53,1,33,Male,Suburban,13,202
274,437,1203,2021-01-01 02:44:00,7,4,1,451.09,4,52.41,1,38,Male,Suburban,0,297
275,459,555,2021-01-01 05:04:00,6,4,7,258.72,0,256.37,1,43,Male,Urban,9,308
276,228,1207,2021-01-01 02:35:00,4,4,8,194.01,3,59.0,1,53,Male,Urban,14,211
277,366,1547,2021-01-01 23:10:00,4,2,5,264.41,1,165.66,1,36,Female,Urban,6,338
278,250,1356,2021-01-01 10:19:00,6,3,2,193.24,2,30.39,1,34,Male,Urban,3,134
279,397,1087,2021-01-01 21:14:00,3,3,5,270.07,1,42.59,1,62,Female,Suburban,13,330
280,198,326,2021-01-01 15:56:00,5,1,6,436.8,4,208.26,1,43,Female,Rural,15,66
281,362,1329,2021-01-01 05:33:00,1,3,2,316.54,2,212.97,1,39,Male,Urban,13,280
282,351,1208,2021-01-01 16:08:00,2,1,6,362.59,1,115.61,1,45,Female,Suburban,2,28
283,243,803,2021-01-01 08:30:00,4,2,6,214.1,2,80.37,1,18,Female,Urban,16,117
284,445,1601,2021-01-01 21:56:00,2,4,1,382.33,0,247.84,1,61,Female,Urban,13,317
285,211,1213,2021-01-01 17:23:00,1,4,1,349.98,3,80.79,0,53,Male,Rural,17,325
286,159,250,2021-01-01 04:41:00,7,4,3,103.8,1,171.77,0,60,Male,Urban,2,114
287,468,1252,2021-01-01 13:16:00,2,3,3,307.69,4,291.1,1,54,Male,Urban,18,75
288,101,1685,2021-01-01 17:04:00,1,1,4,165.53,0,61.4,1,19,Male,Rural,2,202
289,484,1519,2021-01-01 01:58:00,6,1,2,411.84,1,283.45,1,34,Male,Rural,11,59
290,403,1520,2021-01-01 17:38:00,3,2,9,241.67,0,71.21,0,57,Female,Rural,4,15
291,353,1949,2021-01-01 03:17:00,4,3,7,497.61,4,178.88,0,55,Female,Rural,9,231
292,239,978,2021-01-01 08:04:00,1,2,7,91.63,1,125.56,0,38,Male,Suburban,8,105
293,136,1630,2021-01-01 18:02:00,2,1,6,401.16,4,290.18,1,26,Female,Suburban,0,165
294,259,1992,2021-01-01 13:56:00,4,1,3,353.17,2,96.59,1,30,Female,Suburban,12,199
295,108,1013,2021-01-01 19:44:00,3,4,6,395.37,4,131.9,1,28,Female,Urban,2,354
296,332,1836,2021-01-01 16:48:00,6,3,8,188.39,2,295.2,1,33,Female,Rural,18,35
297,198,1628,2021-01-01 11:30:00,7,1,8,271.42,1,170.21,0,33,Male,Rural,10,162
298,246,1569,2021-01-01 20:29:00,4,4,9,408.43,2,160.74,1,19,Male,Suburban,15,245
299,403,1845,2021-01-01 17:15:00,7,3,1,154.64,1,92.18,0,59,Male,Urban,5,287
300,307,619,2021-01-01 08:09:00,1,2,1,151.71,1,216.38,0,61,Female,Urban,2,19
301,230,1405,2021-01-01 04:35:00,3,3,3,297.97,3,24.02,1,25,Female,Urban,18,280
302,251,1182,2021-01-01 11:32:00,2,3,3,285.6,1,33.86,0,60,Male,Suburban,5,340
303,153,1024,2021-01-01 04:01:00,3,1,8,177.02,2,187.82,0,59,Male,Urban,7,348
304,219,1224,2021-01-01 20:39:00,3,1,1,184.13,3,115.67,0,30,Female,Urban,12,182
305,260,766,2021-01-01 21:14:00,5,3,2,175.03,3,286.93,0,34,Male,Urban,11,147
306,215,570,2021-01-01 02:05:00,3,1,2,397.18,1,272.89,1,56,Male,Rural,9,176
307,174,1135,2021-01-01 03:36:00,3,1,3,343.36,4,219.84,1,41,Female,Suburban,2,163
308,212,860,2021-01-01 22:09:00,4,1,6,424.59,4,249.08,0,20,Female,Rural,3,175
309,203,1654,2021-01-01 20:08:00,2,4,1,488.96,3,206.85,1,47,Male,Rural,0,47
310,439,1168,2021-01-01 17:42:00,4,4,2,263.37,1,55.16,0,69,Female,Suburban,12,256
311,353,1532,2021-01-01 20:46:00,4,3,1,80.01,4,234.35,1,30,Male,Rural,3,174
312,326,1360,2021-01-01 20:07:00,1,1,5,71.64,1,78.85,1,36,Female,Urban,10,103
313,211,401,2021-01-01 08:14:00,4,4,7,183.05,1,110.56,1,24,Female,Urban,18,121
314,198,1659,2021-01-01 07:06:00,5,3,8,469.65,3,249.39,1,26,Male,Urban,10,350
315,252,512,2021-01-01 20:01:00,5,1,1,285.45,3,170.23,1,36,Female,Urban,11,145
316,448,316,2021-01-01 15:18:00,7,2,7,172.3,0,260.78,0,62,Male,Suburban,10,42
317,483,1889,2021-01-01 21:57:00,1,1,5,229.63,4,79.65,1,57,Female,Rural,5,29
318,465,1136,2021-01-01 02:30:00,7,1,1,319.37,4,190.18,0,39,Male,Rural,11,273
319,437,774,2021-01-01 06:23:00,7,4,3,343.83,4,43.46,0,35,Female,Urban,8,14
320,293,443,2021-01-01 05:07:00,6,3,7,119.26,2,200.06,1,40,Female,Urban,9,306
321,409,736,2021-01-01 22:39:00,2,3,1,489.66,1,233.51,0,19,Male,Rural,2,313
322,262,1825,2021-01-01 12:25:00,2,4,7,295.15,3,183.78,1,67,Female,Suburban,2,189
323,307,274,2021-01-01 14:51:00,4,1,5,111.06,4,94.54,0,67,Male,Rural,19,360
324,268,585,2021-01-01 06:14:00,4,2,1,452.14,0,28.78,0,28,Female,Urban,15,295
325,260,1433,2021-01-01 17:11:00,6,1,1,83.59,4,53.45,1,48,Female,Urban,2,183
326,167,674,2021-01-01 22:44:00,4,1,1,458.48,1,194.24,1,50,Male,Suburban,9,352
327,388,617,2021-01-01 02:08:00,2,2,9,498.45,1,281.64,1,31,Female,Rural,10,36
328,497,546,2021-01-01 16:54:00,7,4,3,365.19,3,77.83,1,33,Female,Suburban,7,37
329,376,1752,2021-01-01 11:08:00,3,3,5,396.7,2,225.81,0,28,Male,Suburban,5,14
330,403,839,2021-01-01 22:55:00,5,4,9,201.79,3,262.61,1,50,Female,Urban,19,123
331,483,1138,2021-01-01 23:01:00,3,4,6,473.71,4,165.85,0,24,Male,Rural,10,83
332,491,1154,2021-01-01 08:36:00,3,1,9,288.37,0,207.39,0,48,Male,Urban,11,159
333,234,1075,2021-01-01 01:25:00,2,3,8,379.57,3,248.2,0,65,Male,Rural,15,329
334,294,962,2021-01-01 19:58:00,3,3,8,465.85,2,92.99,0,63,Female,Urban,17,102
335,227,1402,2021-01-01 20:16:00,6,4,1,488.83,3,103.13,0,64,Female,Urban,12,337
336,132,1405,2021-01-01 05:10:00,1,2,9,424.94,1,20.18,0,31,Male,Rural,2,83
337,275,863,2021-01-01 19:02:00,4,4,6,186.36,4,289.67,1,45,Female,Rural,14,44
338,470,224,2021-01-01 20:41:00,1,2,9,484.95,4,276.91,0,60,Male,Urban,13,68
339,474,1403,2021-01-01 07:06:00,7,3,3,332.65,4,234.08,0,33,Female,Rural,17,48
340,121,909,2021-01-01 23:57:00,5,4,3,468.79,4,42.14,0,36,Male,Urban,13,57
341,337,1724,2021-01-01 01:53:00,4,1,6,354.25,4,145.3,1,34,Male,Rural,4,75
342,257,1384,2021-01-01 19:28:00,3,4,9,188.26,4,48.53,1,43,Female,Urban,13,22
343,137,376,2021-01-01 05:02:00,5,3,7,216.51,0,24.46,0,23,Male,Urban,7,132
344,329,484,2021-01-01 12:23:00,4,1,3,297.71,2,192.53,1,60,Male,Urban,14,302
345,464,262,2021-01-01 09:47:00,6,1,3,405.51,4,289.03,0,66,Female,Suburban,14,267
346,150,1202,2021-01-01 16:26:00,6,2,2,193.09,2,272.8,1,26,Male,Rural,18,287
347,363,861,2021-01-01 05:44:00,6,1,9,310.88,4,215.09,0,67,Male,Urban,19,120
348,382,865,2021-01-01 13:33:00,6,1,3,205.53,3,47.06,1,34,Female,Suburban,5,246
349,126,355,2021-01-01 13:20:00,3,4,5,417.1,4,96.77,1,48,Male,Urban,18,56
350,325,1692,2021-01-01 17:04:00,1,3,9,260.03,1,109.62,1,29,Male,Suburban,7,38
351,376,1272,2021-01-01 19:30:00,4,2,8,84.53,0,233.68,0,40,Male,Urban,5,245
352,385,1166,2021-01-01 21:50:00,3,4,2,124.72,3,244.63,0,22,Male,Urban,19,21
353,196,1048,2021-01-01 17:56:00,6,1,3,77.5,3,127.83,0,60,Male,Suburban,14,110
354,383,1307,2021-01-01 22:07:00,7,1,2,274.69,1,137.01,1,53,Male,Suburban,2,94
355,466,1584,2021-01-01 18:12:00,1,2,8,97.85,4,32.46,1,53,Male,Rural,9,136
356,416,888,2021-01-01 06:00:00,7,3,6,101.36,0,100.96,0,20,Male,Rural,14,231
357,403,347,2021-01-01 20:43:00,5,2,6,473.47,3,146.36,1,41,Female,Suburban,15,8
358,246,1853,2021-01-01 16:49:00,7,4,9,442.69,0,52.76,0,34,Male,Rural,16,328
359,103,541,2021-01-01 11:43:00,5,2,8,253.44,3,146.91,0,56,Male,Suburban,18,290
360,134,675,2021-01-01 09:34:00,5,1,4,493.61,4,258.89,0,43,Female,Rural,10,251
361,291,1286,2021-01-01 19:44:00,6,4,4,50.08,3,182.77,0,21,Male,Urban,15,361
362,148,1924,2021-01-01 18:32:00,5,1,9,326.29,3,42.1,1,62,Male,Rural,4,87
363,116,1583,2021-01-01 11:27:00,2,3,1,327.39,2,73.67,1,29,Male,Urban,4,204
364,271,760,2021-01-01 13:00:00,4,1,2,255.85,4,152.87,1,18,Male,Urban,13,219
365,319,526,2021-01-01 09:44:00,4,1,2,228.63,1,121.22,0,38,Male,Rural,17,241
366,257,1992,2021-01-01 09:48:00,6,2,6,254.92,1,120.44,1,36,Male,Suburban,7,320
367,145,1959,2021-01-01 19:42:00,2,1,4,236.73,4,168.19,0,38,Female,Urban,4,258
368,472,1364,2021-01-01 08:08:00,7,4,3,378.72,1,183.63,0,69,Female,Urban,6,109
369,105,1189,2021-01-01 16:10:00,3,4,3,110.91,4,243.12,0,35,Female,Rural,15,256
370,198,414,2021-01-01 22:27:00,7,3,3,138.94,1,115.47,0,60,Female,Suburban,13,282
371,479,634,2021-01-01 23:24:00,3,4,6,131.23,2,245.53,0,69,Female,Suburban,4,220
372,332,1151,2021-01-01 18:45:00,5,2,8,168.11,1,114.81,0,20,Male,Rural,8,83
373,136,922,2021-01-01 08:13:00,1,3,7,286.37,3,35.52,1,66,Male,Suburban,3,107
374,379,1541,2021-01-01 00:18:00,3,4,4,100.04,4,175.17,1,61,Male,Rural,3,69
375,448,231,2021-01-01 06:36:00,1,2,4,440.68,0,184.61,1,49,Male,Rural,15,97
376,401,869,2021-01-01 16:40:00,4,4,2,183.81,0,281.67,1,27,Male,Rural,16,212
377,280,484,2021-01-01 21:42:00,1,4,1,123.14,4,223.3,0,57,Female,Urban,14,286
378,194,1528,2021-01-01 14:10:00,4,1,9,354.03,2,276.98,0,32,Female,Urban,3,237
379,198,628,2021-01-01 23:08:00,2,4,2,67.14,1,274.34,1,22,Male,Urban,5,8
380,287,1700,2021-01-01 22:34:00,2,4,8,328.99,2,189.28,1,21,Male,Rural,15,294
381,215,485,2021-01-01 22:47:00,6,2,9,364.19,0,167.77,1,45,Male,Urban,3,189
382,290,1367,2021-01-01 13:41:00,6,2,4,146.71,4,176.08,1,69,Female,Urban,5,81
383,352,1647,2021-01-01 07:34:00,5,1,8,68.88,4,293.93,1,68,Female,Urban,4,108
384,260,1242,2021-01-01 12:04:00,3,4,9,213.64,2,236.49,1,21,Male,Rural,15,321
385,355,217,2021-01-01 18:08:00,5,1,5,94.37,2,49.75,1,32,Female,Rural,15,67
386,422,968,2021-01-01 18:19:00,4,4,7,102.42,1,237.96,1,34,Male,Rural,9,174
387,227,789,2021-01-01 11:50:00,5,3,4,164.42,3,67.75,0,61,Female,Urban,8,346
388,117,1594,2021-01-01 02:22:00,1,3,1,182.96,3,145.26,0,20,Female,Suburban,3,351
389,380,1398,2021-01-01 15:16:00,4,1,3,288.49,1,78.93,0,27,Male,Urban,13,328
390,322,1209,2021-01-01 13:47:00,6,1,5,355.28,3,213.08,0,64,Female,Urban,3,43
391,153,393,2021-01-01 10:04:00,2,1,3,316.75,0,265.65,1,59,Female,Rural,11,187
392,157,701,2021-01-01 05:04:00,6,2,7,116.76,3,101.3,0,40,Male,Rural,9,302
393,422,1187,2021-01-01 12:15:00,3,2,9,127.44,1,42.96,1,35,Female,Urban,3,200
394,459,1336,2021-01-01 04:50:00,4,2,6,445.45,3,103.58,0,18,Male,Urban,17,39
395,273,313,2021-01-01 01:41:00,4,1,1,301.26,4,208.26,1,52,Female,Suburban,12,220
396,379,1445,2021-01-01 21:30:00,1,4,7,441.47,2,112.05,1,48,Male,Suburban,12,307
397,213,1901,2021-01-01 14:26:00,3,3,3,217.2,0,97.87,0,61,Male,Rural,13,4
398,387,1146,2021-01-01 16:07:00,2,1,5,326.48,4,71.64,0,18,Female,Suburban,17,121
399,441,1030,2021-01-01 16:13:00,7,2,4,285.65,4,159.3,1,20,Female,Suburban,0,336
400,250,1867,2021-01-01 14:01:00,4,2,5,193.61,1,97.27,1,20,Male,Rural,15,77
401,226,1487,2021-01-01 16:01:00,4,1,5,261.46,2,224.68,1,54,Female,Suburban,14,179
402,254,1124,2021-01-01 15:41:00,1,1,6,276.12,2,41.45,0,36,Female,Urban,4,133
403,485,254,2021-01-01 17:06:00,5,2,6,140.35,0,205.93,0,46,Female,Suburban,5,311
404,372,1866,2021-01-01 01:24:00,2,4,8,191.75,1,86.52,1,42,Male,Rural,5,229
405,203,999,2021-01-01 05:27:00,6,2,8,406.13,0,157.0,0,50,Male,Urban,2,276
406,492,977,2021-01-01 13:35:00,3,2,9,462.1,3,100.11,1,53,Male,Suburban,15,152
407,398,1681,2021-01-01 07:33:00,4,1,8,211.91,4,222.38,0,46,Female,Urban,11,164
408,345,361,2021-01-01 10:28:00,4,4,2,188.14,0,284.69,0,43,Female,Urban,3,290
409,275,1603,2021-01-01 20:44:00,6,2,1,137.84,4,276.78,0,21,Male,Suburban,0,109
410,138,286,2021-01-01 19:37:00,2,2,2,355.32,1,183.36,0,66,Male,Suburban,3,126
411,269,254,2021-01-01 11:04:00,5,3,2,195.39,3,149.53,0,31,Female,Rural,0,240
412,346,1699,2021-01-01 00:11:00,4,1,3,494.49,1,249.12,1,67,Female,Rural,7,310
413,125,1401,2021-01-01 19:16:00,2,3,7,196.56,3,211.33,1,44,Female,Urban,4,345
414,454,1614,2021-01-01 05:03:00,6,3,2,227.36,3,71.4,0,50,Female,Rural,1,146
415,405,1572,2021-01-01 21:56:00,1,2,1,321.5,4,249.86,1,39,Male,Urban,11,252
416,112,1231,2021-01-01 16:14:00,5,1,6,410.76,1,140.09,1,65,Female,Urban,16,183
417,415,1032,2021-01-01 22:03:00,3,4,9,261.28,1,72.92,0,20,Female,Rural,6,309
418,490,512,2021-01-01 13:02:00,4,2,3,240.2,0,98.9,1,40,Male,Rural,10,306
419,412,958,2021-01-01 00:42:00,2,4,6,498.04,1,94.91,0,38,Male,Rural,3,72
420,135,642,2021-01-01 15:43:00,1,4,3,54.72,0,165.38,1,58,Female,Suburban,4,219
421,272,1990,2021-01-01 05:42:00,3,1,1,452.78,2,85.62,1,40,Male,Urban,5,207
422,119,527,2021-01-01 22:29:00,7,3,5,117.11,2,54.6,1,21,Female,Urban,10,173
423,420,1277,2021-01-01 08:17:00,2,1,4,403.67,2,54.63,1,38,Female,Urban,0,141
424,363,960,2021-01-01 06:03:00,2,4,7,328.07,1,183.32,1,54,Male,Rural,9,272
425,499,1462,2021-01-01 14:50:00,3,2,6,203.83,1,225.73,1,60,Male,Rural,19,214
426,241,1452,2021-01-01 07:06:00,1,4,7,443.24,0,110.03,1,48,Female,Rural,10,269
427,470,778,2021-01-01 16:44:00,7,2,5,55.81,3,29.7,0,38,Male,Rural,16,20
428,242,1274,2021-01-01 00:20:00,6,2,4,152.01,0,55.62,0,43,Female,Rural,7,66
429,191,1832,2021-01-01 06:46:00,1,1,7,305.1,2,276.11,0,58,Female,Suburban,12,303
430,453,1827,2021-01-01 10:18:00,5,4,7,208.19,0,158.19,0,52,Female,Rural,19,147
431,421,1206,2021-01-01 16:54:00,4,3,6,324.67,3,147.0,1,55,Male,Urban,17,165
432,387,1487,2021-01-01 05:35:00,3,4,8,60.85,1,30.65,1,41,Female,Rural,15,310
433,314,1641,2021-01-01 19:00:00,6,4,4,102.41,0,224.02,1,28,Female,Urban,1,6
434,441,295,2021-01-01 19:07:00,7,3,5,107.19,2,167.86,0,58,Female,Rural,4,14
435,150,1311,2021-01-01 06:38:00,3,1,4,135.18,2,76.58,0,46,Male,Rural,17,132
436,252,1301,2021-01-01 13:12:00,3,4,1,256.7,1,50.82,0,64,Female,Urban,2,342
437,285,1511,2021-01-01 11:54:00,1,4,8,388.46,0,127.35,1,20,Female,Urban,16,243
438,162,1343,2021-01-01 00:50:00,4,2,1,457.49,3,254.41,0,18,Female,Urban,15,231
439,289,1013,2021-01-01 05:23:00,5,4,5,425.92,1,262.28,1,69,Male,Urban,5,228
440,224,690,2021-01-01 13:08:00,2,3,6,138.6,0,188.8,0,36,Female,Suburban,18,162
441,249,651,2021-01-01 02:20:00,2,2,6,248.52,4,223.71,1,63,Female,Urban,6,283
442,413,1723,2021-01-01 07:49:00,3,1,5,139.74,2,52.24,0,66,Male,Rural,17,263
443,157,364,2021-01-01 13:06:00,4,2,3,169.01,3,184.68,1,39,Male,Rural,13,131
444,441,381,2021-01-01 22:37:00,7,3,5,276.6,3,206.75,0,31,Female,Suburban,5,225
445,404,668,2021-01-01 16:03:00,7,3,8,80.65,3,76.2,0,66,Female,Urban,7,258
446,279,1109,2021-01-01 16:47:00,6,2,2,148.18,2,266.44,1,31,Female,Rural,14,234
447,269,934,2021-01-01 06:12:00,1,1,6,470.92,0,74.6,1,61,Male,Suburban,14,336
448,425,1022,2021-01-01 08:13:00,4,2,9,259.75,1,107.77,0,33,Male,Rural,14,316
449,370,1143,2021-01-01 12:30:00,4,1,8,250.42,0,193.76,1,50,Female,Suburban,15,24
450,153,206,2021-01-01 19:39:00,1,2,8,56.56,1,198.74,0,30,Male,Suburban,0,271
451,200,529,2021-01-01 04:50:00,7,3,8,161.33,3,215.83,1,55,Female,Urban,10,95
452,363,974,2021-01-01 19:27:00,7,4,7,439.83,0,51.36,0,66,Female,Suburban,4,142
453,152,1896,2021-01-01 01:45:00,7,4,8,124.08,3,257.85,1,29,Male,Rural,4,182
454,159,350,2021-01-01 11:09:00,3,1,6,236.81,4,169.2,0,68,Female,Rural,5,206
455,207,1308,2021-01-01 00:01:00,4,1,2,56.45,3,151.97,0,55,Male,Urban,1,81
456,104,346,2021-01-01 09:48:00,2,1,2,265.25,3,294.71,0,56,Male,Urban,5,274
457,202,1847,2021-01-01 10:43:00,1,3,8,59.46,1,227.31,1,50,Female,Suburban,13,276
458,295,1604,2021-01-01 01:29:00,7,2,1,418.82,4,53.04,0,50,Male,Urban,10,208
459,361,1114,2021-01-01 22:48:00,6,3,6,421.18,3,231.83,1,46,Female,Rural,3,296
460,464,1771,2021-01-01 05:49:00,7,4,6,404.48,3,46.67,1,22,Male,Rural,8,39
461,471,1508,2021-01-01 21:26:00,7,1,4,177.51,4,27.69,1,23,Female,Urban,2,288
462,449,899,2021-01-01 22:54:00,5,2,3,426.76,4,133.02,0,48,Female,Urban,15,124
463,146,281,2021-01-01 18:51:00,3,4,3,294.35,0,298.2,1,33,Female,Urban,10,364
464,454,713,2021-01-01 17:42:00,1,4,1,218.21,1,68.97,1,48,Male,Suburban,3,283
465,410,1014,2021-01-01 15:08:00,5,4,3,331.4,4,208.34,1,42,Female,Suburban,0,180
466,407,908,2021-01-01 02:38:00,5,3,4,55.55,4,68.55,0,65,Male,Rural,15,97
467,243,1746,2021-01-01 15:58:00,6,1,5,114.33,2,222.94,1,63,Male,Suburban,18,191
468,368,945,2021-01-01 05:11:00,4,4,3,384.03,4,161.5,1,50,Male,Suburban,15,74
469,469,1222,2021-01-01 21:04:00,6,1,6,159.87,1,210.39,1,30,Male,Suburban,10,273
470,223,1609,2021-01-01 07:24:00,4,3,5,319.1,3,76.8,1,69,Male,Suburban,7,49
471,205,906,2021-01-01 04:57:00,4,4,3,223.3,3,228.78,0,27,Female,Rural,0,337
472,257,670,2021-01-01 15:51:00,1,3,6,434.66,3,298.77,0,41,Male,Urban,8,210
473,246,1342,2021-01-01 00:35:00,7,3,6,478.59,3,206.38,1,27,Female,Rural,11,116
474,244,595,2021-01-01 18:27:00,1,1,8,447.6,2,158.17,1,58,Female,Suburban,7,23
475,219,1755,2021-01-01 23:28:00,3,4,2,171.78,4,278.49,1,48,Male,Urban,16,98
476,418,460,2021-01-01 19:55:00,4,3,1,137.37,3,24.44,1,30,Female,Urban,9,328
477,374,1004,2021-01-01 23:19:00,5,4,4,263.5,0,224.38,0,20,Female,Urban,6,313
478,191,1133,2021-01-01 23:05:00,7,1,7,53.3,3,268.85,0,67,Male,Rural,18,190
479,157,1479,2021-01-01 09:18:00,2,3,3,61.61,4,37.27,0,69,Female,Urban,5,182
480,445,1957,2021-01-01 14:50:00,3,1,3,298.98,3,146.02,0,51,Male,Rural,18,148
481,328,1104,2021-01-01 02:20:00,1,4,5,284.2,2,77.32,1,66,Male,Rural,17,342
482,216,1449,2021-01-01 14:46:00,6,4,5,497.56,1,178.63,1,45,Male,Suburban,14,23
483,417,1276,2021-01-01 19:01:00,3,1,3,140.83,1,201.87,0,36,Female,Suburban,1,105
484,378,1139,2021-01-01 21:40:00,3,2,9,166.15,4,104.73,0,40,Female,Urban,13,163
485,226,1723,2021-01-01 12:05:00,7,3,4,101.09,1,148.79,1,62,Female,Urban,9,67
486,492,1729,2021-01-01 20:43:00,3,4,3,462.89,1,98.22,1,49,Female,Suburban,15,290
487,495,1053,2021-01-01 17:29:00,3,4,2,400.02,0,123.43,1,30,Male,Rural,6,289
488,228,1587,2021-01-01 08:40:00,2,3,9,420.05,4,64.67,1,50,Male,Rural,7,46
489,157,1503,2021-01-01 00:09:00,6,1,4,456.24,4,267.96,1,51,Female,Suburban,9,81
490,221,792,2021-01-01 16:23:00,6,1,3,286.2,1,22.8,0,50,Male,Rural,14,147
491,100,913,2021-01-01 06:17:00,6,1,7,253.04,1,267.07,0,22,Female,Suburban,7,222
492,338,1381,2021-01-01 11:21:00,4,2,8,198.68,1,180.07,1,20,Male,Suburban,12,343
493,389,831,2021-01-01 09:43:00,5,2,2,315.15,2,112.86,1,24,Male,Urban,11,15
494,195,258,2021-01-01 02:31:00,6,4,7,254.43,3,222.46,0,41,Male,Urban,7,121
495,225,1950,2021-01-01 11:59:00,3,1,5,253.2,2,162.17,1,39,Male,Suburban,14,78
496,217,327,2021-01-01 17:52:00,3,3,5,471.62,4,159.75,0,62,Male,Urban,11,322
497,147,935,2021-01-01 19:37:00,6,4,3,492.81,0,50.84,0,40,Female,Suburban,10,295
498,188,920,2021-01-01 14:18:00,7,3,5,408.42,3,129.06,0,47,Female,Rural,18,241
499,336,1338,2021-01-01 21:56:00,6,4,2,390.54,0,87.5,0,35,Male,Rural,13,18
500,472,1432,2021-01-01 00:49:00,3,2,4,356.25,4,24.39,1,49,Female,Rural,17,256
501,484,725,2021-01-01 11:03:00,4,4,6,124.73,4,120.83,1,24,Male,Rural,12,277
502,371,720,2021-01-01 08:50:00,1,2,1,76.6,0,45.15,0,50,Male,Suburban,3,27
503,288,751,2021-01-01 18:03:00,1,4,4,360.83,0,91.91,1,22,Male,Rural,16,2
504,291,436,2021-01-01 19:50:00,6,1,6,377.95,0,45.9,1,66,Male,Rural,18,353
505,168,1504,2021-01-01 20:25:00,2,3,9,71.14,4,48.26,1,45,Female,Rural,8,295
506,377,1582,2021-01-01 14:16:00,6,1,2,467.62,1,75.72,1,25,Male,Rural,6,312
507,448,1424,2021-01-01 02:25:00,7,4,7,91.01,0,299.96,0,32,Female,Suburban,0,363
508,346,1981,2021-01-01 15:14:00,6,4,6,178.66,3,20.61,1,69,Male,Rural,6,239
509,175,1501,2021-01-01 16:32:00,1,4,2,352.58,4,198.83,0,21,Male,Urban,6,13
510,253,1458,2021-01-01 04:01:00,3,2,8,126.44,2,59.55,0,51,Female,Urban,19,184
511,243,693,2021-01-01 09:40:00,6,3,7,74.94,2,277.78,1,22,Male,Urban,6,194
512,185,203,2021-01-01 11:26:00,3,3,5,199.02,3,46.22,0,50,Male,Urban,7,56
513,284,865,2021-01-01 08:02:00,3,4,5,394.69,1,287.42,1,22,Female,Urban,15,230
514,384,641,2021-01-01 18:51:00,2,4,7,236.16,0,191.06,1,55,Female,Urban,2,28
515,319,228,2021-01-01 20:49:00,3,2,9,343.84,4,20.36,0,51,Female,Suburban,12,320
516,168,1332,2021-01-01 11:12:00,1,1,9,310.83,0,270.32,1,43,Male,Urban,9,71
517,146,809,2021-01-01 10:30:00,4,1,9,60.0,4,166.08,0,18,Male,Rural,17,210
518,193,1950,2021-01-01 11:00:00,4,3,6,494.84,2,93.55,0,21,Female,Urban,6,184
519,337,1004,2021-01-01 11:01:00,5,2,6,68.64,0,234.84,1,56,Female,Suburban,4,356
520,303,274,2021-01-01 13:24:00,7,4,3,485.51,3,279.47,1,43,Male,Urban,6,41
521,499,1037,2021-01-01 06:58:00,6,3,1,297.44,1,155.43,1,50,Male,Rural,16,260
522,317,1369,2021-01-01 16:27:00,7,2,7,483.42,3,108.35,0,50,Female,Rural,3,344
523,440,327,2021-01-01 19:43:00,1,1,4,101.64,1,240.9,1,25,Female,Suburban,15,84
524,138,241,2021-01-01 10:49:00,3,2,1,270.68,0,210.9,0,37,Female,Suburban,18,46
525,199,1579,2021-01-01 16:08:00,4,1,8,126.28,0,268.85,0,33,Female,Suburban,9,159
526,388,240,2021-01-01 09:49:00,7,2,6,72.94,1,213.9,1,38,Male,Suburban,2,344
527,353,1133,2021-01-01 18:20:00,1,3,6,327.89,2,88.19,1,62,Male,Urban,2,7
528,321,233,2021-01-01 08:28:00,4,1,2,143.5,4,280.86,1,43,Male,Urban,16,333
529,456,1240,2021-01-01 07:20:00,3,3,1,314.46,3,49.35,0,40,Male,Rural,9,136
530,122,1900,2021-01-01 21:17:00,7,3,2,100.56,3,95.02,1,35,Female,Suburban,16,183
531,349,1376,2021-01-01 15:20:00,4,1,4,199.39,3,165.65,0,48,Male,Suburban,16,197
532,109,1197,2021-01-01 12:49:00,6,1,2,401.73,0,178.41,1,69,Female,Urban,3,172
533,345,1601,2021-01-01 22:23:00,6,4,1,246.67,3,24.29,1,59,Male,Suburban,5,349
534,424,787,2021-01-01 04:22:00,5,4,7,332.49,4,238.56,0,29,Male,Rural,11,276
535,199,1822,2021-01-01 23:17:00,5,4,8,341.36,4,121.25,0,18,Male,Rural,19,78
536,389,1852,2021-01-01 10:36:00,4,3,6,429.69,1,133.8,1,59,Female,Suburban,16,178
537,279,541,2021-01-01 19:50:00,1,3,4,196.22,0,246.62,1,26,Male,Rural,16,27
538,322,226,2021-01-01 07:38:00,6,4,6,359.28,4,126.2,1,20,Female,Rural,9,120
539,493,1510,2021-01-01 16:38:00,1,3,3,482.73,2,33.22,1,68,Female,Urban,6,281
540,349,845,2021-01-01 21:43:00,1,3,8,378.61,0,69.4,1,43,Male,Rural,15,308
541,246,930,2021-01-01 11:39:00,4,1,2,270.44,0,287.65,0,26,Female,Suburban,12,196
542,195,367,2021-01-01 05:01:00,1,1,5,333.82,4,39.71,0,59,Male,Suburban,2,277
543,356,809,2021-01-01 20:41:00,6,3,1,382.86,2,119.38,0,68,Female,Rural,1,18
544,424,467,2021-01-01 18:45:00,3,4,6,325.52,1,160.89,0,33,Male,Suburban,15,295
545,103,1972,2021-01-01 09:13:00,5,2,2,57.5,4,158.12,1,41,Female,Urban,5,271
546,115,1020,2021-01-01 04:47:00,3,4,4,137.65,2,21.11,0,67,Female,Rural,5,53
547,379,654,2021-01-01 19:50:00,1,2,6,414.71,0,160.33,0,31,Male,Rural,12,294
548,435,1105,2021-01-01 10:20:00,3,4,8,172.69,2,127.46,0,20,Male,Rural,6,52
549,346,1908,2021-01-01 16:45:00,6,1,8,379.2,0,292.18,1,51,Male,Suburban,4,216
550,357,1624,2021-01-01 00:35:00,6,3,6,217.45,4,64.56,0,50,Male,Suburban,6,72
551,483,1121,2021-01-01 12:23:00,1,3,4,284.85,4,119.16,1,67,Female,Rural,1,28
552,259,1180,2021-01-01 05:52:00,4,1,8,80.59,3,137.45,0,41,Female,Suburban,16,252
553,439,1699,2021-01-01 01:12:00,3,2,8,131.55,3,129.39,1,26,Female,Suburban,12,35
554,251,901,2021-01-01 10:47:00,4,2,1,480.74,3,206.43,0,30,Female,Rural,15,201
555,495,833,2021-01-01 22:56:00,4,2,4,450.56,4,80.34,1,19,Male,Rural,19,249
556,277,1781,2021-01-01 18:13:00,2,1,4,343.52,1,81.9,0,24,Female,Suburban,1,99
557,262,1799,2021-01-01 07:04:00,1,2,7,256.84,4,224.18,1,65,Male,Rural,4,308
558,479,329,2021-01-01 16:38:00,5,1,7,354.09,2,160.08,1,38,Female,Rural,17,140
559,132,1219,2021-01-01 11:47:00,6,4,8,328.37,4,136.24,0,36,Male,Rural,6,83
560,278,1586,2021-01-01 09:20:00,6,4,5,305.85,4,67.38,1,42,Male,Rural,10,48
561,200,1928,2021-01-01 13:47:00,1,1,7,76.63,0,72.51,1,64,Male,Suburban,10,278
562,367,1018,2021-01-01 15:55:00,7,3,8,334.76,0,22.95,0,39,Male,Rural,16,248
563,422,892,2021-01-01 08:36:00,7,4,9,396.01,0,45.6,0,28,Male,Urban,15,177
564,164,1515,2021-01-01 07:07:00,7,2,3,497.34,4,175.91,1,50,Female,Rural,12,52
565,267,1594,2021-01-01 02:39:00,5,1,3,54.99,1,269.72,0,49,Male,Urban,4,79
566,429,993,2021-01-01 02:28:00,6,2,4,378.58,2,100.41,0,38,Female,Rural,19,322
567,142,228,2021-01-01 12:55:00,1,2,5,307.31,2,111.77,0,56,Female,Urban,15,64
568,143,348,2021-01-01 20:53:00,6,3,1,245.32,1,52.37,1,37,Male,Urban,15,8
569,384,1519,2021-01-01 01:06:00,4,2,7,107.41,1,128.82,1,25,Female,Rural,15,214
570,496,210,2021-01-01 16:53:00,3,3,9,234.09,2,30.42,1,59,Female,Rural,13,25
571,111,1735,2021-01-01 06:20:00,3,4,8,209.47,3,276.93,1,54,Female,Rural,5,256
572,194,875,2021-01-01 00:57:00,6,1,5,186.27,0,208.47,1,26,Male,Urban,1,243
573,401,1336,2021-01-01 21:22:00,2,2,4,378.9,0,297.41,1,42,Male,Suburban,13,198
574,485,386,2021-01-01 05:41:00,5,1,7,365.33,2,267.19,1,42,Male,Suburban,15,94
575,352,1006,2021-01-01 19:13:00,7,2,5,315.06,1,152.44,0,50,Male,Rural,19,207
576,341,943,2021-01-01 12:06:00,5,1,7,472.4,3,165.51,1,19,Female,Suburban,12,15
577,134,1450,2021-01-01 19:55:00,5,2,1,207.43,2,73.36,1,36,Female,Suburban,14,178
578,314,1533,2021-01-01 12:49:00,4,2,1,159.71,0,149.37,0,63,Female,Rural,11,75
579,436,297,2021-01-01 10:13:00,5,2,3,345.16,4,272.85,0,37,Female,Urban,8,104
580,189,254,2021-01-01 20:32:00,3,2,2,139.47,1,34.24,0,59,Female,Rural,17,294
581,363,822,2021-01-01 05:53:00,4,2,2,191.75,4,261.8,1,58,Female,Suburban,13,168
582,192,863,2021-01-01 01:55:00,1,2,7,151.07,2,115.47,0,59,Male,Urban,19,115
583,189,957,2021-01-01 21:27:00,5,2,2,81.12,0,271.86,1,46,Female,Suburban,3,39
584,214,605,2021-01-01 11:01:00,5,2,4,422.37,3,283.45,1,23,Female,Urban,7,364
585,204,268,2021-01-01 07:32:00,1,2,2,164.54,4,207.84,1,34,Female,Suburban,7,273
586,490,1535,2021-01-01 04:46:00,5,1,6,262.86,3,206.04,0,42,Male,Rural,15,135
587,295,1512,2021-01-01 22:06:00,1,3,8,69.49,0,146.77,0,55,Female,Suburban,9,232
588,413,1985,2021-01-01 16:56:00,4,2,4,364.7,4,253.95,1,21,Female,Suburban,16,39
589,213,1771,2021-01-01 05:10:00,3,3,5,198.75,3,289.25,1,47,Male,Urban,0,291
590,174,950,2021-01-01 03:27:00,1,2,4,385.13,3,237.02,1,37,Female,Suburban,17,307
591,475,1371,2021-01-01 10:17:00,2,2,3,235.58,4,194.14,0,20,Male,Rural,9,47
592,316,1690,2021-01-01 07:25:00,1,1,5,138.09,0,189.9,1,40,Male,Rural,3,36
593,376,1962,2021-01-01 11:09:00,5,4,9,280.93,3,257.85,0,68,Female,Rural,0,320
594,348,1467,2021-01-01 10:32:00,7,4,8,108.73,2,171.54,1,35,Female,Urban,3,95
595,263,1714,2021-01-01 00:54:00,7,1,8,248.24,4,245.08,0,43,Male,Urban,3,361
596,493,1157,2021-01-01 15:11:00,4,3,8,192.79,1,162.49,1,53,Female,Suburban,3,13
597,456,1730,2021-01-01 17:15:00,6,4,8,460.38,1,37.48,0,25,Female,Suburban,16,146
598,291,564,2021-01-01 10:56:00,4,1,7,77.42,0,127.51,0,34,Male,Suburban,8,65
599,326,681,2021-01-01 23:43:00,6,1,8,362.31,2,144.44,0,48,Male,Urban,18,228
600,276,400,2021-01-01 16:19:00,7,4,8,132.24,3,59.65,0,54,Female,Urban,12,242
601,198,353,2021-01-01 08:34:00,7,3,8,193.57,1,48.7,0,62,Male,Suburban,3,8
602,135,1673,2021-01-01 03:56:00,1,1,7,236.98,0,169.93,0,50,Female,Urban,4,304
603,195,1724,2021-01-01 21:42:00,3,2,1,458.61,2,43.84,1,44,Female,Urban,12,341
604,251,272,2021-01-01 05:47:00,2,3,4,159.16,2,104.82,1,62,Female,Rural,15,43
605,250,912,2021-01-01 10:26:00,4,3,4,91.09,0,228.49,1,21,Female,Rural,4,244
606,289,495,2021-01-01 18:47:00,5,4,5,193.41,0,290.04,1,39,Male,Suburban,7,181
607,323,1240,2021-01-01 10:29:00,6,4,6,97.1,3,221.0,0,43,Female,Suburban,15,85
608,136,1864,2021-01-01 21:11:00,5,2,4,107.87,0,297.94,1,49,Male,Rural,0,155
609,367,1440,2021-01-01 06:03:00,3,1,2,308.23,3,215.53,0,41,Female,Urban,5,275
610,468,260,2021-01-01 05:20:00,6,4,6,77.41,3,102.26,0,63,Female,Suburban,10,23
611,282,1138,2021-01-01 04:45:00,4,4,8,63.92,4,208.17,0,52,Male,Suburban,15,115
612,112,1839,2021-01-01 02:28:00,1,3,8,371.49,2,216.6,1,54,Female,Suburban,4,306
613,378,241,2021-01-01 18:27:00,5,4,7,212.74,2,124.08,0,49,Male,Urban,15,299
614,316,224,2021-01-01 06:45:00,3,4,6,106.42,2,24.96,1,24,Male,Rural,6,99
615,454,1262,2021-01-01 16:17:00,4,4,2,164.13,4,216.9,1,50,Female,Suburban,18,104
616,460,330,2021-01-01 07:35:00,7,4,7,338.94,3,26.08,1,48,Female,Rural,0,51
617,385,1721,2021-01-01 13:19:00,7,3,5,173.99,3,196.73,1,29,Female,Rural,8,362
618,372,1452,2021-01-01 19:44:00,4,2,6,272.53,0,65.81,1,28,Female,Urban,17,112
619,468,307,2021-01-01 16:52:00,4,2,8,104.76,4,178.37,0,41,Male,Urban,12,244
620,161,371,2021-01-01 13:03:00,4,1,8,314.64,0,161.1,0,25,Female,Urban,14,169
621,183,1658,2021-01-01 07:39:00,6,4,3,192.23,4,23.78,1,49,Female,Urban,2,72
622,467,1701,2021-01-01 12:17:00,4,3,7,332.14,0,121.6,0,55,Female,Urban,9,139
623,316,301,2021-01-01 08:28:00,5,1,1,413.78,1,188.31,1,39,Female,Urban,8,336
624,441,1065,2021-01-01 08:00:00,3,1,1,325.24,2,257.61,0,51,Female,Suburban,12,231
625,496,723,2021-01-01 01:53:00,6,2,7,183.09,2,268.82,0,36,Male,Rural,15,239
626,286,474,2021-01-01 12:28:00,4,3,9,165.08,3,155.48,0,69,Female,Urban,2,253
627,118,1836,2021-01-01 06:00:00,2,3,7,197.34,1,223.96,0,37,Male,Suburban,14,49
628,276,1267,2021-01-01 05:40:00,2,3,5,124.08,2,108.61,0,31,Female,Rural,16,303
629,199,1016,2021-01-01 12:49:00,3,2,8,131.53,3,115.81,0,50,Female,Urban,13,72
630,495,1156,2021-01-01 12:40:00,7,2,2,405.81,1,74.45,0,27,Female,Urban,6,263
631,332,1240,2021-01-01 16:08:00,1,2,9,223.13,2,177.35,0,33,Male,Suburban,19,322
632,175,529,2021-01-01 07:28:00,1,2,6,246.2,0,108.08,0,21,Female,Rural,15,222
633,364,1792,2021-01-01 13:54:00,7,2,9,317.32,4,43.62,0,44,Male,Urban,7,77
634,383,1720,2021-01-01 20:03:00,6,4,2,315.34,1,211.8,0,45,Male,Rural,3,62
635,305,211,2021-01-01 23:50:00,6,4,3,80.32,3,218.17,0,60,Female,Suburban,19,157
636,322,1541,2021-01-01 20:19:00,6,3,8,424.19,1,120.8,0,33,Male,Urban,14,294
637,483,1815,2021-01-01 05:10:00,1,1,1,129.8,3,41.48,1,69,Female,Rural,4,125
638,151,415,2021-01-01 04:21:00,2,3,7,375.38,1,139.36,0,50,Female,Suburban,12,229
639,438,538,2021-01-01 06:45:00,1,1,7,397.7,3,143.85,0,65,Male,Suburban,5,340
640,466,1999,2021-01-01 02:22:00,5,2,1,371.7,2,207.23,0,36,Female,Urban,4,161
641,243,860,2021-01-01 05:41:00,4,1,9,310.54,0,108.32,0,38,Female,Rural,16,29
642,472,1304,2021-01-01 22:19:00,6,3,8,56.57,2,211.13,0,39,Male,Urban,6,114
643,168,1950,2021-01-01 18:44:00,2,3,4,212.17,0,264.02,0,26,Male,Urban,5,79
644,198,1708,2021-01-01 04:03:00,3,1,5,322.18,2,86.5,1,26,Male,Rural,1,23
645,495,573,2021-01-01 08:09:00,3,4,2,224.35,2,294.1,1,26,Male,Rural,10,106
646,124,1175,2021-01-01 00:11:00,4,2,9,438.57,1,128.18,1,44,Male,Rural,6,131
647,478,909,2021-01-01 21:02:00,2,2,6,188.96,4,94.83,0,34,Male,Suburban,7,357
648,152,1423,2021-01-01 09:20:00,1,3,3,182.09,3,138.02,0,61,Female,Suburban,4,173
649,250,1760,2021-01-01 00:41:00,1,4,7,169.7,3,46.43,0,62,Male,Rural,17,264
650,243,665,2021-01-01 11:17:00,5,1,9,199.75,3,55.2,1,25,Male,Suburban,15,342
651,156,1312,2021-01-01 09:53:00,5,2,3,300.83,0,136.04,0,33,Female,Urban,13,285
652,138,1491,2021-01-01 19:41:00,1,4,2,368.16,3,233.48,0,35,Female,Rural,11,2
653,208,1878,2021-01-01 20:39:00,3,2,7,348.16,3,272.09,1,50,Male,Urban,16,233
654,280,1794,2021-01-01 02:13:00,6,4,7,413.47,1,206.15,1,18,Male,Rural,4,251
655,141,688,2021-01-01 18:10:00,3,4,4,448.66,2,49.46,0,29,Female,Urban,13,321
656,285,1761,2021-01-01 17:10:00,5,3,9,417.24,3,208.17,0,23,Male,Rural,5,108
657,497,246,2021-01-01 15:47:00,4,2,8,58.53,4,197.92,0,58,Male,Urban,14,276
658,322,1511,2021-01-01 01:12:00,1,1,1,381.16,3,245.61,0,22,Female,Rural,6,180
659,221,977,2021-01-01 06:38:00,5,3,1,143.78,0,251.07,1,33,Male,Rural,13,213
660,232,1239,2021-01-01 23:48:00,5,3,5,109.82,0,263.1,0,35,Female,Suburban,17,293
661,262,910,2021-01-01 09:37:00,6,1,6,337.32,0,135.96,0,66,Male,Urban,0,72
662,314,600,2021-01-01 14:18:00,1,3,3,193.88,3,215.4,1,35,Female,Suburban,5,283
663,320,1180,2021-01-01 02:09:00,6,4,9,75.7,1,95.11,0,18,Female,Urban,2,175
664,334,1309,2021-01-01 15:30:00,1,4,6,111.93,4,299.81,0,36,Female,Suburban,4,123
665,430,449,2021-01-01 20:29:00,6,2,4,50.42,3,69.09,1,25,Male,Rural,11,227
666,245,590,2021-01-01 04:25:00,3,2,7,456.45,1,22.83,1,20,Female,Suburban,10,301
667,338,534,2021-01-01 13:12:00,4,1,8,61.08,1,61.67,0,42,Male,Suburban,12,83
668,175,828,2021-01-01 04:12:00,4,2,9,144.26,3,237.24,1,22,Female,Rural,15,253
669,108,1742,2021-01-01 13:41:00,1,4,6,237.32,3,145.1,1,57,Female,Suburban,17,146
670,173,336,2021-01-01 21:52:00,2,1,6,210.46,1,145.3,0,36,Female,Rural,16,120
671,352,1082,2021-01-01 02:43:00,7,1,8,460.28,1,287.41,1,35,Male,Urban,16,65
672,329,887,2021-01-01 01:34:00,5,2,5,68.13,1,277.5,0,67,Male,Suburban,10,281
673,106,1721,2021-01-01 13:52:00,5,4,3,280.5,3,107.13,0,48,Female,Rural,19,283
674,273,1026,2021-01-01 18:53:00,1,1,3,356.22,1,78.54,0,50,Male,Rural,9,106
675,240,926,2021-01-01 05:35:00,6,4,6,469.26,0,257.58,0,64,Male,Suburban,15,300
676,267,1700,2021-01-01 13:41:00,2,4,2,329.17,3,273.69,1,35,Male,Urban,1,107
677,269,793,2021-01-01 03:57:00,3,4,6,411.69,0,171.65,0,56,Female,Suburban,16,36
678,492,1446,2021-01-01 06:20:00,6,2,6,87.68,2,196.24,0,33,Male,Rural,19,147
679,382,1189,2021-01-01 14:58:00,6,3,8,223.67,3,91.94,0,33,Female,Urban,9,262
680,221,571,2021-01-01 08:02:00,1,3,7,218.28,2,244.22,0,64,Female,Suburban,12,159
681,293,1134,2021-01-01 15:01:00,1,1,8,448.83,1,196.99,1,55,Female,Rural,11,265
682,104,1194,2021-01-01 17:28:00,5,4,9,118.12,1,160.98,1,58,Male,Suburban,14,202
683,128,601,2021-01-01 19:00:00,1,2,6,118.35,4,36.83,1,24,Female,Urban,6,155
684,264,1666,2021-01-01 08:01:00,1,4,3,197.85,1,276.46,0,31,Male,Urban,12,13
685,438,1713,2021-01-01 23:35:00,1,4,3,74.51,2,192.33,1,60,Male,Urban,11,297
686,235,814,2021-01-01 15:16:00,5,2,1,132.11,1,73.95,1,65,Female,Urban,11,322
687,464,1496,2021-01-01 16:33:00,3,3,5,484.34,3,189.79,0,42,Female,Urban,1,85
688,420,1749,2021-01-01 16:03:00,3,4,4,242.68,1,209.69,1,49,Female,Suburban,4,280
689,441,1382,2021-01-01 08:56:00,7,4,9,334.41,4,167.22,0,55,Male,Urban,1,245
690,244,1375,2021-01-01 18:22:00,7,3,9,376.75,1,221.07,1,39,Male,Urban,19,300
691,426,1194,2021-01-01 19:56:00,1,2,5,215.13,2,182.81,1,33,Female,Rural,12,362
692,316,819,2021-01-01 17:15:00,7,1,4,116.25,2,285.38,1,69,Female,Urban,2,354
693,400,387,2021-01-01 02:07:00,5,3,7,142.96,1,35.04,1,46,Male,Rural,10,316
694,231,1321,2021-01-01 01:31:00,3,1,6,190.97,2,49.75,0,33,Male,Rural,15,9
695,391,330,2021-01-01 09:02:00,6,1,4,336.23,2,68.63,0,29,Female,Rural,0,247
696,169,1004,2021-01-01 14:05:00,3,3,2,229.23,4,213.25,1,34,Male,Suburban,18,312
697,351,1394,2021-01-01 16:28:00,3,4,1,53.07,3,200.77,0,54,Male,Suburban,10,278
698,374,1135,2021-01-01 07:26:00,5,1,4,285.53,4,269.78,1,44,Male,Rural,8,238
699,463,1185,2021-01-01 06:29:00,7,1,4,464.68,0,225.21,1,42,Male,Suburban,13,203
700,281,382,2021-01-01 11:11:00,6,2,1,415.43,4,162.34,1,30,Male,Urban,8,247
701,266,1182,2021-01-01 00:42:00,5,4,6,421.35,1,297.71,1,25,Male,Suburban,6,235
702,190,563,2021-01-01 04:13:00,1,1,4,407.78,3,94.51,1,22,Female,Urban,15,81
703,301,238,2021-01-01 19:13:00,4,2,1,195.68,1,253.29,1,29,Male,Urban,2,356
704,445,1750,2021-01-01 18:03:00,3,4,1,394.34,0,139.5,0,58,Female,Suburban,18,13
705,118,696,2021-01-01 11:02:00,4,3,1,114.42,3,201.65,0,20,Female,Suburban,3,327
706,138,1739,2021-01-01 07:46:00,5,3,8,345.97,2,223.64,1,52,Male,Rural,6,16
707,225,1572,2021-01-01 04:46:00,5,2,8,338.71,4,197.45,0,50,Female,Suburban,11,45
708,272,1181,2021-01-01 16:50:00,5,3,2,61.51,1,59.34,1,39,Female,Suburban,17,321
709,240,1120,2021-01-01 12:57:00,4,1,7,404.59,0,144.03,0,67,Female,Suburban,4,139
710,341,1620,2021-01-01 05:44:00,5,4,8,456.46,2,177.2,0,61,Male,Urban,9,326
711,319,921,2021-01-01 10:41:00,1,1,8,170.34,4,257.73,0,26,Female,Urban,11,148
712,225,1384,2021-01-01 06:21:00,5,1,7,415.58,2,144.22,1,58,Male,Urban,7,355
713,157,215,2021-01-01 11:29:00,2,3,5,87.08,4,277.25,0,35,Female,Rural,18,236
714,247,692,2021-01-01 21:16:00,7,1,1,319.99,3,143.3,1,67,Female,Rural,14,191
715,416,1649,2021-01-01 17:59:00,4,3,9,268.54,2,173.66,1,46,Female,Rural,0,101
716,482,1331,2021-01-01 07:36:00,2,4,7,295.67,2,242.96,1,56,Female,Urban,2,105
717,460,1093,2021-01-01 16:22:00,5,4,2,466.79,2,183.26,0,44,Male,Suburban,17,250
718,100,1673,2021-01-01 01:22:00,1,1,6,442.09,3,288.86,0,53,Female,Rural,17,94
719,486,510,2021-01-01 18:42:00,3,2,2,403.29,0,204.89,0,62,Female,Rural,1,220
720,447,938,2021-01-01 02:28:00,6,3,1,173.16,4,166.36,1,34,Male,Urban,4,298
721,289,1393,2021-01-01 22:32:00,7,3,7,460.32,2,26.61,1,51,Male,Rural,0,339
722,290,745,2021-01-01 19:39:00,6,1,2,93.88,3,135.85,0,63,Male,Suburban,9,133
723,468,613,2021-01-01 03:09:00,5,3,2,434.0,0,103.79,1,20,Female,Urban,19,361
724,411,450,2021-01-01 14:42:00,7,3,5,197.67,4,229.47,0,22,Male,Urban,9,155
725,216,958,2021-01-01 04:22:00,7,2,5,74.2,3,78.32,0,31,Male,Suburban,4,28
726,233,1364,2021-01-01 18:23:00,1,2,7,351.21,4,77.46,0,20,Male,Suburban,17,282
727,157,1497,2021-01-01 06:39:00,7,1,1,154.08,2,73.07,0,40,Male,Suburban,14,116
728,143,1639,2021-01-01 12:43:00,4,2,8,159.61,0,55.17,1,56,Male,Rural,19,305
729,272,1831,2021-01-01 10:08:00,2,1,3,187.72,3,107.08,0,47,Male,Suburban,7,234
730,259,1962,2021-01-01 21:23:00,2,4,4,78.66,0,268.06,0,67,Female,Urban,16,1
731,272,1262,2021-01-01 13:04:00,2,1,9,129.71,2,236.98,0,62,Male,Suburban,11,348
732,416,1013,2021-01-01 01:40:00,4,4,4,52.31,0,225.87,0,40,Female,Urban,11,240
733,402,228,2021-01-01 23:02:00,6,1,5,250.43,0,243.25,0,44,Male,Urban,0,58
734,248,1157,2021-01-01 23:23:00,1,3,7,87.91,1,95.44,0,27,Male,Rural,3,335
735,179,676,2021-01-01 13:39:00,7,2,4,357.19,0,268.48,0,42,Male,Suburban,7,183
736,473,517,2021-01-01 20:44:00,4,4,1,156.03,4,58.44,1,30,Female,Rural,0,337
737,312,444,2021-01-01 13:39:00,2,1,9,474.61,3,114.18,1,33,Male,Suburban,14,26
738,302,947,2021-01-01 06:59:00,5,2,4,442.06,1,184.29,1,58,Male,Suburban,17,77
739,351,896,2021-01-01 02:03:00,3,1,9,180.25,3,48.81,1,51,Male,Suburban,0,217
740,328,471,2021-01-01 07:01:00,7,2,6,402.45,3,224.44,0,54,Male,Suburban,10,328
741,263,1663,2021-01-01 20:54:00,4,2,1,411.46,2,128.43,1,39,Female,Suburban,1,325
742,326,1971,2021-01-01 18:06:00,4,1,3,493.95,2,239.63,1,34,Female,Urban,0,262
743,246,1462,2021-01-01 12:47:00,1,4,2,319.03,1,158.01,1,40,Female,Urban,11,23
744,119,576,2021-01-01 08:02:00,1,4,9,86.88,2,70.64,0,53,Female,Suburban,15,244
745,146,465,2021-01-01 08:38:00,4,3,1,341.08,2,225.73,1,66,Female,Urban,9,158
746,332,1125,2021-01-01 02:34:00,2,2,9,331.24,2,90.6,1,26,Male,Rural,17,206
747,404,1120,2021-01-01 01:31:00,3,3,9,337.26,3,157.43,0,69,Male,Rural,14,310
748,113,1582,2021-01-01 16:21:00,7,3,8,188.22,1,41.15,1,19,Male,Rural,16,87
749,242,539,2021-01-01 07:34:00,1,1,8,436.86,3,193.0,0,49,Female,Suburban,9,267
750,100,588,2021-01-01 09:57:00,7,1,1,481.76,4,206.44,1,67,Male,Suburban,2,134
751,472,776,2021-01-01 08:29:00,2,1,8,147.97,3,126.03,0,39,Female,Urban,15,267
752,153,1912,2021-01-01 20:06:00,7,2,3,89.67,4,287.24,1,60,Male,Urban,5,333
753,473,202,2021-01-01 06:25:00,5,1,7,137.54,0,264.77,1,30,Female,Urban,2,268
754,358,1652,2021-01-01 06:44:00,1,1,1,419.25,0,218.22,1,25,Male,Rural,8,53
755,243,1365,2021-01-01 04:05:00,2,2,1,354.49,4,219.82,0,18,Male,Rural,10,99
756,111,575,2021-01-01 12:21:00,2,2,5,336.22,4,90.67,1,34,Male,Rural,12,247
757,429,1893,2021-01-01 11:00:00,3,4,5,230.81,3,203.91,0,29,Male,Rural,17,36
758,323,523,2021-01-01 10:49:00,3,1,8,310.02,4,75.5,0,21,Female,Urban,3,28
759,371,345,2021-01-01 15:00:00,5,1,7,188.54,1,60.32,0,30,Male,Suburban,7,220
760,457,492,2021-01-01 01:04:00,2,1,8,264.74,0,299.85,0,48,Male,Suburban,12,102
761,255,1888,2021-01-01 17:16:00,6,4,6,406.88,0,194.27,1,58,Male,Rural,9,263
762,472,631,2021-01-01 03:32:00,2,1,6,491.56,4,140.68,1,24,Female,Suburban,1,271
763,107,904,2021-01-01 04:01:00,3,4,2,469.62,2,100.69,1,40,Male,Suburban,7,224
764,221,1148,2021-01-01 08:12:00,6,3,6,470.24,2,189.1,0,41,Male,Suburban,5,139
765,447,784,2021-01-01 20:36:00,1,4,5,231.0,4,33.89,1,22,Male,Rural,15,280
766,263,598,2021-01-01 05:37:00,1,3,3,260.96,1,46.51,0,22,Male,Urban,17,286
767,189,1016,2021-01-01 02:52:00,7,1,6,367.54,2,29.2,0,34,Male,Urban,16,250
768,235,1567,2021-01-01 11:11:00,4,3,8,464.99,4,159.77,0,47,Female,Suburban,5,322
769,285,1163,2021-01-01 02:43:00,3,4,9,113.9,1,188.17,1,26,Female,Urban,12,317
770,415,1363,2021-01-01 07:44:00,4,2,1,186.91,1,37.49,1,23,Female,Urban,13,78
771,277,386,2021-01-01 16:34:00,6,3,3,112.66,3,221.94,0,42,Male,Rural,9,297
772,127,260,2021-01-01 08:16:00,3,3,3,325.4,1,84.51,1,36,Female,Rural,10,338
773,319,1138,2021-01-01 11:39:00,5,1,8,187.84,2,211.86,1,33,Male,Suburban,12,307
774,456,1603,2021-01-01 06:34:00,2,4,1,196.75,2,294.93,0,38,Male,Suburban,11,351
775,140,909,2021-01-01 11:42:00,5,3,5,81.91,4,213.51,0,19,Male,Suburban,8,13
776,327,1006,2021-01-01 05:07:00,6,3,3,207.41,4,267.29,1,27,Male,Rural,3,346
777,291,1663,2021-01-01 03:02:00,3,3,2,438.12,1,285.5,0,33,Female,Urban,6,82
778,244,1542,2021-01-01 10:28:00,6,3,8,154.88,0,156.29,0,54,Female,Rural,1,9
779,300,1525,2021-01-01 08:29:00,2,2,3,362.83,3,216.65,1,32,Female,Rural,6,213
780,311,1567,2021-01-01 09:05:00,1,4,7,333.33,0,258.55,1,30,Male,Urban,8,48
781,319,210,2021-01-01 10:23:00,1,1,1,438.57,1,119.85,0,30,Female,Urban,4,49
782,339,1285,2021-01-01 09:53:00,6,1,6,109.53,1,93.19,1,49,Female,Suburban,14,309
783,496,425,2021-01-01 12:23:00,4,2,3,489.92,0,285.05,0,62,Male,Urban,17,40
784,145,1376,2021-01-01 20:50:00,3,4,8,312.18,3,223.36,0,64,Female,Urban,3,363
785,134,1934,2021-01-01 09:13:00,3,3,6,497.96,0,81.51,1,63,Male,Urban,18,280
786,352,763,2021-01-01 00:20:00,1,2,2,460.18,4,145.74,0,25,Female,Urban,19,226
787,489,971,2021-01-01 09:13:00,7,4,6,149.68,2,243.01,0,60,Female,Suburban,6,108
788,181,1794,2021-01-01 06:36:00,5,3,7,75.27,4,173.18,0,35,Female,Suburban,7,245
789,470,1807,2021-01-01 10:24:00,7,2,5,165.04,2,201.99,1,53,Male,Urban,16,255
790,355,1883,2021-01-01 01:44:00,2,4,3,287.4,1,231.06,1,43,Female,Urban,12,33
791,296,1798,2021-01-01 03:11:00,5,1,4,127.22,3,194.16,1,27,Female,Suburban,10,23
792,402,1533,2021-01-01 00:16:00,5,1,4,125.36,0,171.22,0,48,Female,Suburban,0,333
793,109,1084,2021-01-01 19:03:00,6,4,6,258.17,3,229.89,0,50,Female,Urban,1,54
794,411,1466,2021-01-01 06:32:00,1,1,1,64.97,0,223.72,1,46,Male,Rural,16,309
795,385,1716,2021-01-01 07:04:00,7,4,4,104.85,4,196.36,1,22,Male,Suburban,4,49
796,341,1589,2021-01-01 02:08:00,7,3,4,237.14,4,120.74,1,30,Female,Suburban,5,78
797,350,1553,2021-01-01 19:13:00,1,4,1,78.41,0,133.63,0,18,Female,Suburban,6,336
798,464,1330,2021-01-01 09:31:00,7,3,9,228.54,3,291.72,1,40,Female,Urban,14,358
799,104,425,2021-01-01 00:28:00,1,2,4,263.3,0,51.47,0,57,Male,Urban,18,122
800,218,1024,2021-01-01 18:40:00,6,4,7,253.07,1,95.18,1,20,Female,Suburban,15,359
801,388,417,2021-01-01 17:13:00,4,2,3,441.13,4,157.87,0,20,Female,Urban,12,90
802,473,1136,2021-01-01 04:01:00,5,1,3,288.53,1,254.28,0,24,Male,Urban,4,346
803,164,952,2021-01-01 03:51:00,6,3,8,260.59,4,65.83,1,53,Male,Suburban,2,193
804,245,705,2021-01-01 13:08:00,3,4,8,234.82,4,97.55,0,52,Male,Urban,2,244
805,323,458,2021-01-01 21:47:00,2,2,1,417.93,2,38.42,1,32,Female,Rural,18,149
806,338,1997,2021-01-01 11:54:00,4,3,2,452.78,1,217.68,0,57,Male,Urban,13,146
807,276,1740,2021-01-01 12:38:00,3,3,8,433.96,1,86.7,0,20,Male,Urban,15,316
808,366,1996,2021-01-01 13:21:00,5,1,1,353.1,2,128.83,1,46,Female,Suburban,16,141
809,440,253,2021-01-01 12:55:00,7,1,8,111.81,3,144.24,0,47,Male,Suburban,3,286
810,381,1270,2021-01-01 12:05:00,1,3,8,174.59,1,269.57,1,56,Female,Rural,12,339
811,162,926,2021-01-01 03:19:00,5,3,2,70.73,0,135.17,1,35,Female,Urban,7,111
812,316,888,2021-01-01 15:44:00,6,4,4,468.87,2,60.66,1,28,Male,Rural,18,108
813,441,1744,2021-01-01 01:18:00,2,3,6,347.36,1,166.81,0,60,Female,Rural,4,281
814,414,1322,2021-01-01 15:55:00,6,4,9,385.86,3,289.63,0,66,Male,Suburban,1,50
815,382,1243,2021-01-01 14:15:00,4,3,8,190.21,1,190.15,0,55,Male,Urban,14,14
816,276,1976,2021-01-01 19:56:00,4,1,8,430.54,4,295.35,1,57,Male,Suburban,1,134
817,197,1796,2021-01-01 07:46:00,2,4,7,166.82,0,255.51,1,18,Female,Rural,10,76
818,204,1713,2021-01-01 09:40:00,3,2,9,50.74,2,30.07,0,46,Male,Rural,12,84
819,198,618,2021-01-01 23:59:00,3,1,2,219.39,4,204.35,0,27,Female,Suburban,9,343
820,484,889,2021-01-01 15:39:00,4,4,3,306.84,3,100.29,1,45,Female,Suburban,2,158
821,410,1049,2021-01-01 07:28:00,4,4,8,265.42,4,176.69,0,48,Female,Suburban,4,286
822,105,261,2021-01-01 01:26:00,7,2,6,437.93,4,98.22,1,36,Male,Suburban,2,314
823,296,1368,2021-01-01 01:40:00,1,4,9,97.43,3,117.68,0,20,Female,Suburban,5,94
824,450,415,2021-01-01 17:11:00,7,3,4,299.22,4,278.49,1,53,Female,Rural,12,297
825,232,202,2021-01-01 14:04:00,7,2,8,280.84,2,77.86,0,60,Male,Suburban,9,94
826,457,359,2021-01-01 20:23:00,3,1,3,176.63,1,264.75,0,32,Male,Urban,18,57
827,358,1962,2021-01-01 01:26:00,2,1,3,420.0,4,28.53,1,50,Female,Rural,7,164
828,122,980,2021-01-01 00:42:00,3,3,8,388.78,2,45.45,1,58,Female,Rural,17,320
829,152,1343,2021-01-01 23:28:00,1,1,5,379.79,1,259.31,1,60,Male,Urban,2,98
830,264,1092,2021-01-01 06:47:00,6,4,3,444.29,1,196.56,0,68,Female,Urban,16,16
831,301,1312,2021-01-01 11:03:00,4,4,1,375.25,4,229.23,1,62,Female,Rural,7,344
832,182,528,2021-01-01 17:20:00,4,3,3,154.33,2,78.64,1,43,Female,Suburban,9,78
833,244,779,2021-01-01 02:27:00,1,1,9,367.5,4,170.38,0,33,Female,Rural,1,346
834,184,1580,2021-01-01 04:36:00,7,1,5,188.47,3,226.42,1,53,Male,Rural,11,72
835,177,1833,2021-01-01 03:51:00,2,3,2,158.98,1,195.65,1,50,Female,Urban,5,270
836,465,1490,2021-01-01 06:05:00,4,2,7,82.85,4,152.08,1,37,Male,Rural,1,287
837,100,1840,2021-01-01 20:51:00,5,1,2,384.81,1,288.74,0,30,Female,Suburban,2,66
838,150,1151,2021-01-01 07:15:00,7,2,4,369.95,2,209.32,0,50,Male,Urban,16,68
839,272,1546,2021-01-01 06:38:00,4,1,7,155.52,0,274.17,0,22,Female,Rural,6,193
840,304,834,2021-01-01 20:34:00,5,1,4,387.22,4,224.34,1,54,Male,Rural,4,55
841,359,1187,2021-01-01 23:34:00,1,1,7,463.03,4,225.93,0,31,Female,Suburban,0,168
842,468,1764,2021-01-01 08:18:00,1,1,7,98.61,1,42.41,1,44,Male,Rural,7,25
843,387,1872,2021-01-01 08:59:00,7,4,1,154.69,2,120.65,1,40,Female,Rural,11,131
844,133,1418,2021-01-01 09:22:00,4,2,6,387.62,3,260.34,1,31,Female,Rural,13,325
845,447,1120,2021-01-01 07:21:00,3,2,9,173.53,2,85.13,0,57,Male,Rural,15,102
846,194,937,2021-01-01 21:24:00,5,1,2,331.1,4,52.34,0,21,Male,Suburban,9,282
847,171,1555,2021-01-01 12:52:00,2,1,3,86.52,3,111.31,1,56,Male,Rural,14,296
848,138,369,2021-01-01 05:49:00,4,2,5,253.49,2,81.72,1,69,Male,Rural,14,294
849,253,720,2021-01-01 22:55:00,2,4,9,382.59,0,279.08,0,36,Male,Rural,9,263
850,349,1686,2021-01-01 08:39:00,4,3,4,358.93,1,263.03,0,64,Female,Urban,6,120
851,261,239,2021-01-01 22:23:00,3,3,1,416.78,2,159.91,0,21,Male,Suburban,2,231
852,217,1760,2021-01-01 02:17:00,3,2,4,444.85,2,37.18,1,47,Male,Urban,1,291
853,358,1484,2021-01-01 16:31:00,7,1,6,397.93,0,220.08,0,36,Female,Urban,5,161
854,478,1618,2021-01-01 06:07:00,7,1,5,352.21,4,194.56,0,48,Male,Suburban,8,161
855,405,1154,2021-01-01 20:43:00,3,4,1,64.28,1,291.76,0,48,Male,Urban,9,78
856,367,1449,2021-01-01 22:40:00,6,3,4,290.74,2,176.51,1,26,Male,Urban,3,38
857,153,1183,2021-01-01 20:46:00,3,4,6,66.96,3,114.19,0,30,Female,Urban,2,28
858,335,1347,2021-01-01 05:59:00,1,3,4,413.63,2,165.33,1,31,Male,Suburban,8,100
859,488,1174,2021-01-01 15:20:00,1,2,9,194.33,1,294.19,1,63,Female,Rural,16,294
860,321,237,2021-01-01 05:28:00,6,3,5,303.09,2,214.98,1,27,Female,Suburban,13,124
861,350,527,2021-01-01 16:01:00,5,4,8,175.75,0,208.15,0,65,Male,Suburban,9,92
862,412,1474,2021-01-01 07:42:00,2,4,9,402.13,2,87.39,0,48,Female,Suburban,12,255
863,211,1399,2021-01-01 15:45:00,4,4,5,448.93,2,228.21,0,54,Male,Urban,11,97
864,354,1825,2021-01-01 16:02:00,4,2,6,229.39,3,230.08,1,40,Male,Rural,0,6
865,402,1113,2021-01-01 23:25:00,6,3,1,438.32,0,108.84,0,44,Male,Suburban,18,169
866,306,653,2021-01-01 13:55:00,1,3,7,170.18,0,155.44,1,23,Male,Suburban,18,271
867,328,236,2021-01-01 02:48:00,7,4,4,290.6,2,102.49,0,43,Male,Rural,5,108
868,440,1539,2021-01-01 03:36:00,4,3,2,436.44,3,92.44,0,19,Female,Rural,12,299
869,497,1911,2021-01-01 06:17:00,1,1,5,196.65,2,27.25,0,62,Female,Rural,18,47
870,165,1172,2021-01-01 01:58:00,5,1,3,479.32,2,99.86,0,30,Female,Urban,12,99
871,174,995,2021-01-01 03:09:00,2,1,6,104.85,1,175.11,1,68,Female,Rural,3,14
872,202,1172,2021-01-01 12:46:00,5,3,8,58.22,1,20.45,1,67,Male,Urban,1,194
873,291,792,2021-01-01 06:09:00,6,2,7,456.86,3,99.3,1,36,Male,Suburban,14,157
874,351,1337,2021-01-01 02:28:00,3,2,3,80.89,4,266.79,1,18,Female,Urban,11,154
875,325,1263,2021-01-01 10:51:00,3,2,8,496.35,1,186.22,0,57,Male,Rural,6,115
876,393,1524,2021-01-01 12:49:00,3,2,2,478.13,4,190.2,1,49,Female,Urban,19,258
877,405,423,2021-01-01 06:13:00,5,1,9,111.66,0,132.94,1,39,Female,Rural,17,145
878,197,517,2021-01-01 13:00:00,4,1,4,291.91,1,209.41,1,65,Female,Urban,12,291
879,437,548,2021-01-01 02:39:00,2,4,1,133.21,1,73.18,0,46,Female,Suburban,16,10
880,385,314,2021-01-01 05:50:00,3,3,8,242.67,3,249.25,1,19,Male,Urban,3,214
881,434,897,2021-01-01 21:51:00,6,3,7,77.64,4,52.67,1,57,Male,Suburban,13,233
882,446,1546,2021-01-01 21:51:00,6,2,5,150.77,1,203.68,0,55,Female,Rural,19,171
883,407,1791,2021-01-01 14:51:00,3,1,5,213.47,1,115.52,0,65,Female,Suburban,12,21
884,348,1263,2021-01-01 20:49:00,3,2,7,247.39,3,229.3,1,28,Female,Rural,2,15
885,265,239,2021-01-01 08:42:00,2,4,5,489.87,3,173.93,1,34,Female,Rural,17,126
886,434,1972,2021-01-01 08:41:00,3,3,8,413.54,4,146.66,0,68,Female,Suburban,13,341
887,129,1512,2021-01-01 13:02:00,2,3,6,381.83,0,67.44,1,60,Male,Suburban,14,341
888,346,1485,2021-01-01 04:32:00,6,2,5,291.67,0,198.31,0,25,Female,Urban,2,213
889,205,415,2021-01-01 15:35:00,3,4,9,428.0,2,292.94,1,39,Female,Urban,0,188
890,150,1370,2021-01-01 23:45:00,5,3,2,202.7,1,251.17,1,21,Male,Suburban,16,172
891,180,535,2021-01-01 03:02:00,7,4,1,369.0,4,36.8,1,28,Male,Suburban,2,247
892,232,1391,2021-01-01 08:07:00,5,4,8,497.2,1,125.34,1,25,Male,Suburban,13,5
893,384,291,2021-01-01 14:05:00,6,2,3,191.58,4,279.16,1,26,Male,Suburban,2,231
894,487,552,2021-01-01 02:03:00,2,1,7,353.31,4,160.85,0,43,Male,Rural,12,201
895,237,770,2021-01-01 16:24:00,5,2,8,429.94,4,205.39,0,19,Male,Suburban,14,149
896,283,1794,2021-01-01 13:09:00,2,1,6,462.11,1,275.53,1,33,Male,Suburban,17,72
897,429,1015,2021-01-01 06:53:00,5,4,9,373.07,3,264.66,1,48,Male,Suburban,13,226
898,372,1904,2021-01-01 19:55:00,5,1,7,177.62,1,160.51,1,23,Male,Suburban,2,74
899,439,980,2021-01-01 21:51:00,2,4,5,196.83,4,142.54,0,38,Female,Rural,18,307
900,168,562,2021-01-01 11:25:00,4,3,8,59.34,2,115.11,0,43,Male,Urban,7,169
901,133,756,2021-01-01 01:52:00,5,3,2,392.4,0,221.33,0,36,Female,Urban,3,249
902,361,1568,2021-01-01 14:47:00,3,3,7,69.23,4,100.36,0,45,Female,Urban,3,280
903,152,1916,2021-01-01 02:01:00,7,2,4,439.09,2,89.97,0,25,Female,Urban,18,152
904,304,1393,2021-01-01 20:45:00,6,2,9,103.4,3,119.75,0,31,Female,Urban,10,224
905,225,555,2021-01-01 00:38:00,4,4,1,127.34,4,69.62,0,41,Female,Rural,0,225
906,334,390,2021-01-01 08:16:00,2,3,7,264.44,2,214.63,0,65,Female,Urban,7,38
907,142,1890,2021-01-01 12:59:00,4,2,6,382.05,4,192.55,1,61,Female,Rural,14,44
908,339,621,2021-01-01 20:56:00,1,3,8,112.55,1,155.21,0,54,Female,Rural,0,185
909,470,899,2021-01-01 15:42:00,1,2,5,248.03,2,129.29,0,43,Male,Urban,6,241
910,210,206,2021-01-01 02:28:00,5,1,1,267.28,1,274.54,0,48,Female,Urban,19,331
911,348,332,2021-01-01 23:40:00,5,1,1,145.53,1,28.15,0,68,Female,Urban,19,351
912,250,1970,2021-01-01 17:01:00,3,3,9,102.0,2,235.35,1,49,Female,Suburban,10,210
913,282,756,2021-01-01 11:00:00,7,4,6,426.39,0,272.53,0,67,Female,Rural,13,23
914,435,1025,2021-01-01 05:01:00,6,2,5,276.11,2,144.98,1,58,Male,Urban,15,124
915,194,960,2021-01-01 23:03:00,4,2,1,56.47,0,174.19,1,19,Female,Suburban,13,86
916,473,1254,2021-01-01 03:57:00,1,1,6,411.34,4,284.45,1,42,Male,Rural,11,43
917,499,734,2021-01-01 10:46:00,5,1,6,491.36,4,79.44,0,69,Male,Suburban,16,40
918,107,625,2021-01-01 11:02:00,6,4,3,322.67,2,165.64,0,61,Female,Suburban,13,303
919,487,1617,2021-01-01 03:55:00,4,4,8,276.67,4,152.92,0,19,Female,Urban,9,169
920,459,871,2021-01-01 03:22:00,5,4,1,445.29,3,92.35,1,59,Male,Rural,13,175
921,487,562,2021-01-01 04:15:00,5,3,1,478.63,1,249.21,1,18,Female,Suburban,17,20
922,283,1660,2021-01-01 09:57:00,1,1,6,389.54,1,271.89,1,53,Female,Rural,8,109
923,380,1893,2021-01-01 11:01:00,1,3,1,250.45,0,238.94,1,29,Male,Urban,16,193
924,294,1774,2021-01-01 03:54:00,5,1,6,316.5,4,74.7,0,26,Male,Rural,5,244
925,451,281,2021-01-01 22:48:00,2,1,1,365.42,0,44.29,0,53,Female,Suburban,7,324
926,294,555,2021-01-01 08:53:00,5,2,6,137.42,1,189.52,0,58,Female,Suburban,12,280
927,254,1481,2021-01-01 14:19:00,6,1,3,251.24,1,35.99,1,45,Female,Rural,17,228
928,192,1941,2021-01-01 12:49:00,5,1,8,423.42,4,208.39,1,55,Male,Suburban,4,36
929,259,788,2021-01-01 09:00:00,3,3,6,344.63,3,168.52,0,50,Female,Suburban,5,45
930,160,1747,2021-01-01 03:32:00,7,1,1,235.04,3,205.58,0,59,Male,Suburban,18,28
931,221,494,2021-01-01 07:42:00,3,3,5,348.51,4,185.25,1,63,Male,Urban,3,154
932,150,1447,2021-01-01 07:15:00,3,4,8,103.2,4,138.36,0,39,Female,Urban,6,23
933,376,1748,2021-01-01 04:42:00,2,1,3,230.67,0,76.25,0,42,Male,Suburban,3,207
934,104,1269,2021-01-01 23:50:00,2,1,6,406.91,4,105.6,1,35,Female,Rural,10,91
935,191,1890,2021-01-01 01:27:00,5,3,5,149.23,3,166.86,1,23,Female,Urban,11,359
936,269,1336,2021-01-01 17:47:00,3,4,6,133.68,4,202.52,1,35,Male,Rural,13,38
937,416,1456,2021-01-01 07:40:00,2,2,1,477.87,0,238.26,0,69,Female,Suburban,12,228
938,121,216,2021-01-01 04:37:00,1,4,7,144.45,0,234.81,1,33,Male,Suburban,9,202
939,425,559,2021-01-01 07:00:00,5,3,9,167.41,0,292.35,0,32,Male,Rural,17,350
940,100,1446,2021-01-01 22:56:00,6,4,2,486.33,0,100.04,0,65,Female,Urban,15,309
941,232,1065,2021-01-01 11:35:00,7,3,5,380.62,2,39.91,1,25,Female,Rural,4,254
942,332,899,2021-01-01 08:34:00,4,3,4,364.82,4,116.78,0,30,Female,Rural,7,38
943,111,647,2021-01-01 11:42:00,5,2,6,433.82,1,228.12,1,60,Female,Suburban,13,221
944,445,1055,2021-01-01 00:18:00,4,1,6,102.12,4,142.67,1,24,Male,Urban,4,187
945,145,564,2021-01-01 00:22:00,3,3,2,367.68,2,248.98,0,34,Male,Rural,7,43
946,133,874,2021-01-01 06:52:00,7,3,2,276.66,0,173.81,0,67,Male,Urban,5,359
947,177,1207,2021-01-01 17:33:00,4,2,4,423.12,2,280.34,1,49,Female,Suburban,15,114
948,317,1549,2021-01-01 01:47:00,3,3,1,278.66,3,285.4,1,39,Male,Urban,3,260
949,400,666,2021-01-01 23:10:00,1,1,9,329.11,3,39.41,1,68,Male,Suburban,11,5
950,172,613,2021-01-01 21:44:00,4,2,7,264.98,4,147.8,1,30,Female,Urban,10,68
951,381,1678,2021-01-01 19:11:00,7,1,7,265.17,4,190.71,1,64,Female,Rural,2,228
952,348,785,2021-01-01 20:52:00,5,1,3,395.59,1,91.64,1,40,Female,Suburban,11,123
953,146,1456,2021-01-01 18:54:00,3,2,3,332.85,1,133.98,0,46,Male,Rural,4,173
954,220,1447,2021-01-01 02:15:00,5,3,1,334.97,3,209.75,0,39,Female,Suburban,5,336
955,313,1193,2021-01-01 06:01:00,7,1,3,252.63,0,83.49,0,18,Male,Urban,18,153
956,338,1635,2021-01-01 20:09:00,2,1,3,289.0,2,188.55,0,46,Male,Urban,17,267
957,155,771,2021-01-01 02:08:00,3,1,4,385.57,1,215.29,1,65,Male,Suburban,15,157
958,449,534,2021-01-01 21:24:00,4,1,4,421.67,1,45.34,0,22,Male,Suburban,10,162
959,206,1445,2021-01-01 08:34:00,3,2,3,363.45,0,159.31,0,52,Male,Suburban,4,214
960,418,236,2021-01-01 07:28:00,5,2,8,465.83,0,93.66,1,27,Female,Urban,8,26
961,147,1188,2021-01-01 18:47:00,1,4,8,419.15,4,222.83,0,36,Male,Suburban,2,292
962,160,477,2021-01-01 20:47:00,3,4,1,302.84,2,73.08,1,54,Female,Suburban,7,189
963,436,1419,2021-01-01 14:33:00,4,1,7,352.13,0,269.83,1,24,Male,Rural,5,122
964,125,1115,2021-01-01 07:52:00,2,3,2,466.84,1,140.66,1,63,Male,Suburban,3,230
965,391,683,2021-01-01 17:13:00,6,1,1,328.63,1,75.44,1,52,Female,Rural,11,59
966,356,1465,2021-01-01 23:48:00,1,3,3,421.16,3,142.65,1,62,Male,Rural,11,96
967,107,1547,2021-01-01 05:01:00,2,1,4,359.96,0,134.45,0,30,Male,Rural,15,262
968,212,930,2021-01-01 03:50:00,3,4,6,298.37,4,140.1,0,27,Female,Urban,9,354
969,454,391,2021-01-01 15:22:00,5,4,5,158.83,2,183.96,0,19,Female,Rural,13,312
970,352,1240,2021-01-01 18:09:00,7,3,4,241.7,4,165.93,1,23,Male,Suburban,12,136
971,279,723,2021-01-01 15:36:00,5,1,8,485.48,1,61.94,0,25,Male,Urban,8,350
972,306,1117,2021-01-01 01:51:00,4,3,4,345.99,4,38.36,0,53,Male,Urban,6,283
973,402,600,2021-01-01 17:16:00,5,4,2,303.98,1,224.24,0,42,Female,Urban,11,120
974,226,1085,2021-01-01 23:36:00,1,1,3,469.83,1,176.72,0,61,Male,Urban,4,25
975,155,904,2021-01-01 08:19:00,5,1,6,313.93,1,120.52,1,64,Female,Urban,17,342
976,313,221,2021-01-01 15:31:00,4,3,8,286.74,1,246.34,0,57,Female,Urban,3,146
977,113,673,2021-01-01 09:57:00,6,2,8,391.69,1,128.66,1,24,Male,Urban,1,12
978,127,1343,2021-01-01 03:53:00,3,3,9,370.7,3,242.87,1,63,Female,Rural,2,87
979,177,409,2021-01-01 10:01:00,7,4,7,136.92,4,105.61,0,40,Male,Suburban,11,109
980,315,505,2021-01-01 05:13:00,3,4,2,262.09,3,40.4,1,36,Male,Suburban,2,345
981,485,1493,2021-01-01 09:25:00,5,4,8,262.63,3,281.14,1,63,Female,Rural,3,266
982,464,903,2021-01-01 17:15:00,2,4,7,220.2,0,130.47,1,39,Female,Rural,5,222
983,253,886,2021-01-01 03:28:00,3,4,8,282.78,0,241.95,1,30,Female,Urban,11,74
984,113,484,2021-01-01 17:17:00,6,2,3,235.9,0,98.16,1,38,Female,Urban,18,333
985,286,915,2021-01-01 23:20:00,5,1,7,139.71,2,200.98,1,18,Female,Rural,9,310
986,411,1899,2021-01-01 17:23:00,7,3,9,235.56,0,264.53,1,36,Female,Urban,0,102
987,470,962,2021-01-01 09:46:00,4,3,3,82.52,4,31.66,0,50,Male,Suburban,16,137
988,106,1450,2021-01-01 16:54:00,6,4,6,309.1,3,252.58,0,21,Male,Suburban,15,191
989,102,1147,2021-01-01 18:13:00,5,3,2,434.14,4,179.97,1,59,Male,Urban,8,142
990,210,580,2021-01-01 20:34:00,6,4,2,376.38,0,190.09,1,20,Female,Urban,8,357
991,337,659,2021-01-01 18:44:00,3,2,5,212.18,2,166.48,0,44,Female,Urban,8,73
992,462,1230,2021-01-01 11:37:00,7,2,5,89.18,2,264.85,0,69,Female,Suburban,11,328
993,338,228,2021-01-01 02:11:00,4,1,7,140.97,3,32.16,0,58,Male,Urban,8,167
994,373,1106,2021-01-01 23:24:00,5,2,2,295.47,4,93.09,0,52,Male,Rural,14,168
995,393,1256,2021-01-01 19:15:00,1,2,7,143.18,1,265.21,1,45,Female,Urban,1,54
996,326,1869,2021-01-01 17:23:00,4,1,5,294.79,4,230.66,1,23,Female,Rural,10,259
997,470,1078,2021-01-01 08:55:00,1,3,6,154.22,0,24.94,0,23,Female,Urban,10,111
998,114,278,2021-01-01 16:53:00,6,4,8,432.02,1,164.76,0,61,Female,Urban,7,232
999,291,1146,2021-01-01 03:46:00,2,4,4,228.77,2,168.28,0,40,Male,Suburban,5,161
1000,218,658,2021-01-01 19:37:00,4,3,7,160.5,3,132.25,0,50,Male,Rural,19,352
